2026-07-13 08:49:27,916 | INFO | robo_diario_oficial | Configuracoes carregadas com sucesso.
2026-07-13 08:49:27,916 | INFO | robo_diario_oficial | Robo Diario Oficial iniciado.
2026-07-13 08:49:27,916 | INFO | robo_diario_oficial | Range de datas: 2026-07-08 a 2026-07-08 (1 dia(s))
2026-07-13 08:49:27,916 | INFO | robo_diario_oficial | Total de datas a processar: 1
2026-07-13 08:49:27,916 | INFO | robo_diario_oficial | ============================================================
2026-07-13 08:49:27,916 | INFO | robo_diario_oficial | Processando data: 2026-07-08
2026-07-13 08:49:27,916 | INFO | robo_diario_oficial | ============================================================
2026-07-13 08:49:27,916 | INFO | robo_diario_oficial | Iniciando download do Diario Oficial.
2026-07-13 08:49:27,916 | INFO | robo_diario_oficial | URL: https://diariooficial.piracicaba.sp.gov.br/download/2026/07/08/
2026-07-13 08:49:27,916 | INFO | robo_diario_oficial | Arquivo destino: storage/pdfs\diario_oficial_2026_07_08.pdf
2026-07-13 08:49:29,229 | INFO | robo_diario_oficial | Status HTTP: 200
2026-07-13 08:49:29,610 | INFO | robo_diario_oficial | Download concluido com sucesso: storage/pdfs\diario_oficial_2026_07_08.pdf
2026-07-13 08:49:29,610 | INFO | robo_diario_oficial | PDF disponivel para processamento: storage/pdfs\diario_oficial_2026_07_08.pdf
2026-07-13 08:49:29,630 | INFO | robo_diario_oficial | Total de paginas identificado: 72
2026-07-13 08:49:29,634 | INFO | robo_diario_oficial | Iniciando extracao de texto do PDF.
2026-07-13 08:49:29,635 | INFO | robo_diario_oficial | Total de paginas: 72
2026-07-13 08:49:29,668 | INFO | robo_diario_oficial | Pagina 1 extraida com 4142 caracteres. Origem: extracao_texto. Possui imagens: True.
2026-07-13 08:49:29,679 | INFO | robo_diario_oficial | Pagina 2 extraida com 4321 caracteres. Origem: extracao_texto. Possui imagens: True.
2026-07-13 08:49:29,684 | INFO | robo_diario_oficial | Pagina 3 extraida com 2693 caracteres. Origem: extracao_texto. Possui imagens: True.
2026-07-13 08:49:29,686 | INFO | robo_diario_oficial | Pagina 4 extraida com 2657 caracteres. Origem: extracao_texto. Possui imagens: True.
2026-07-13 08:49:29,686 | INFO | robo_diario_oficial | Pagina 5 extraida com 2595 caracteres. Origem: extracao_texto. Possui imagens: True.
2026-07-13 08:49:29,692 | INFO | robo_diario_oficial | Pagina 6 extraida com 1719 caracteres. Origem: extracao_texto. Possui imagens: True.
2026-07-13 08:49:29,694 | INFO | robo_diario_oficial | Pagina 7 extraida com 1861 caracteres. Origem: extracao_texto. Possui imagens: True.
2026-07-13 08:49:29,696 | INFO | robo_diario_oficial | Pagina 8 extraida com 849 caracteres. Origem: extracao_texto. Possui imagens: True.
2026-07-13 08:49:29,697 | INFO | robo_diario_oficial | Pagina 9 extraida com 849 caracteres. Origem: extracao_texto. Possui imagens: True.
2026-07-13 08:49:29,698 | INFO | robo_diario_oficial | Pagina 10 extraida com 850 caracteres. Origem: extracao_texto. Possui imagens: True.
2026-07-13 08:49:29,699 | INFO | robo_diario_oficial | Pagina 11 extraida com 850 caracteres. Origem: extracao_texto. Possui imagens: True.
2026-07-13 08:49:29,700 | INFO | robo_diario_oficial | Pagina 12 extraida com 850 caracteres. Origem: extracao_texto. Possui imagens: True.
2026-07-13 08:49:29,701 | INFO | robo_diario_oficial | Pagina 13 extraida com 850 caracteres. Origem: extracao_texto. Possui imagens: True.
2026-07-13 08:49:29,702 | INFO | robo_diario_oficial | Pagina 14 extraida com 1461 caracteres. Origem: extracao_texto. Possui imagens: True.
2026-07-13 08:49:29,705 | INFO | robo_diario_oficial | Pagina 15 extraida com 4606 caracteres. Origem: extracao_texto. Possui imagens: True.
2026-07-13 08:49:29,708 | INFO | robo_diario_oficial | Pagina 16 extraida com 472 caracteres. Origem: extracao_texto. Possui imagens: True.
2026-07-13 08:49:29,710 | INFO | robo_diario_oficial | Pagina 17 extraida com 472 caracteres. Origem: extracao_texto. Possui imagens: True.
2026-07-13 08:49:29,713 | INFO | robo_diario_oficial | Pagina 18 extraida com 5861 caracteres. Origem: extracao_texto. Possui imagens: True.
2026-07-13 08:49:29,715 | INFO | robo_diario_oficial | Pagina 19 extraida com 5996 caracteres. Origem: extracao_texto. Possui imagens: False.
2026-07-13 08:49:29,718 | INFO | robo_diario_oficial | Pagina 20 extraida com 1723 caracteres. Origem: extracao_texto. Possui imagens: True.
2026-07-13 08:49:29,720 | INFO | robo_diario_oficial | Pagina 21 extraida com 2390 caracteres. Origem: extracao_texto. Possui imagens: True.
2026-07-13 08:49:29,720 | INFO | robo_diario_oficial | Pagina 22 extraida com 1664 caracteres. Origem: extracao_texto. Possui imagens: True.
2026-07-13 08:49:29,720 | INFO | robo_diario_oficial | Pagina 23 extraida com 1261 caracteres. Origem: extracao_texto. Possui imagens: True.
2026-07-13 08:49:29,725 | INFO | robo_diario_oficial | Pagina 24 extraida com 2099 caracteres. Origem: extracao_texto. Possui imagens: True.
2026-07-13 08:49:29,727 | INFO | robo_diario_oficial | Pagina 25 extraida com 4446 caracteres. Origem: extracao_texto. Possui imagens: True.
2026-07-13 08:49:29,732 | INFO | robo_diario_oficial | Pagina 26 extraida com 3506 caracteres. Origem: extracao_texto. Possui imagens: True.
2026-07-13 08:49:29,736 | INFO | robo_diario_oficial | Pagina 27 extraida com 1127 caracteres. Origem: extracao_texto. Possui imagens: True.
2026-07-13 08:49:29,737 | INFO | robo_diario_oficial | Pagina 28 extraida com 1301 caracteres. Origem: extracao_texto. Possui imagens: True.
2026-07-13 08:49:29,739 | INFO | robo_diario_oficial | Pagina 29 extraida com 584 caracteres. Origem: extracao_texto. Possui imagens: True.
2026-07-13 08:49:29,741 | INFO | robo_diario_oficial | Pagina 30 extraida com 3335 caracteres. Origem: extracao_texto. Possui imagens: False.
2026-07-13 08:49:29,742 | INFO | robo_diario_oficial | Pagina 31 extraida com 4912 caracteres. Origem: extracao_texto. Possui imagens: False.
2026-07-13 08:49:29,744 | INFO | robo_diario_oficial | Pagina 32 extraida com 5043 caracteres. Origem: extracao_texto. Possui imagens: True.
2026-07-13 08:49:29,749 | INFO | robo_diario_oficial | Pagina 33 extraida com 3245 caracteres. Origem: extracao_texto. Possui imagens: True.
2026-07-13 08:49:29,753 | INFO | robo_diario_oficial | Pagina 34 extraida com 2375 caracteres. Origem: extracao_texto. Possui imagens: True.
2026-07-13 08:49:29,758 | INFO | robo_diario_oficial | Pagina 35 extraida com 2221 caracteres. Origem: extracao_texto. Possui imagens: True.
2026-07-13 08:49:29,762 | INFO | robo_diario_oficial | Pagina 36 extraida com 2249 caracteres. Origem: extracao_texto. Possui imagens: True.
2026-07-13 08:49:29,765 | INFO | robo_diario_oficial | Pagina 37 extraida com 2059 caracteres. Origem: extracao_texto. Possui imagens: True.
2026-07-13 08:49:29,769 | INFO | robo_diario_oficial | Pagina 38 extraida com 2382 caracteres. Origem: extracao_texto. Possui imagens: True.
2026-07-13 08:49:29,774 | INFO | robo_diario_oficial | Pagina 39 extraida com 1892 caracteres. Origem: extracao_texto. Possui imagens: True.
2026-07-13 08:49:29,777 | INFO | robo_diario_oficial | Pagina 40 extraida com 1903 caracteres. Origem: extracao_texto. Possui imagens: True.
2026-07-13 08:49:29,780 | INFO | robo_diario_oficial | Pagina 41 extraida com 1903 caracteres. Origem: extracao_texto. Possui imagens: True.
2026-07-13 08:49:29,786 | INFO | robo_diario_oficial | Pagina 42 extraida com 1903 caracteres. Origem: extracao_texto. Possui imagens: True.
2026-07-13 08:49:29,788 | INFO | robo_diario_oficial | Pagina 43 extraida com 1897 caracteres. Origem: extracao_texto. Possui imagens: True.
2026-07-13 08:49:29,794 | INFO | robo_diario_oficial | Pagina 44 extraida com 1897 caracteres. Origem: extracao_texto. Possui imagens: True.
2026-07-13 08:49:29,798 | INFO | robo_diario_oficial | Pagina 45 extraida com 1898 caracteres. Origem: extracao_texto. Possui imagens: True.
2026-07-13 08:49:29,802 | INFO | robo_diario_oficial | Pagina 46 extraida com 1898 caracteres. Origem: extracao_texto. Possui imagens: True.
2026-07-13 08:49:29,806 | INFO | robo_diario_oficial | Pagina 47 extraida com 1893 caracteres. Origem: extracao_texto. Possui imagens: True.
2026-07-13 08:49:29,810 | INFO | robo_diario_oficial | Pagina 48 extraida com 1893 caracteres. Origem: extracao_texto. Possui imagens: True.
2026-07-13 08:49:29,814 | INFO | robo_diario_oficial | Pagina 49 extraida com 1896 caracteres. Origem: extracao_texto. Possui imagens: True.
2026-07-13 08:49:29,814 | INFO | robo_diario_oficial | Pagina 50 extraida com 2431 caracteres. Origem: extracao_texto. Possui imagens: True.
2026-07-13 08:49:29,814 | INFO | robo_diario_oficial | Pagina 51 extraida com 714 caracteres. Origem: extracao_texto. Possui imagens: True.
2026-07-13 08:49:29,824 | INFO | robo_diario_oficial | Pagina 52 extraida com 1955 caracteres. Origem: extracao_texto. Possui imagens: True.
2026-07-13 08:49:29,828 | INFO | robo_diario_oficial | Pagina 53 extraida com 2364 caracteres. Origem: extracao_texto. Possui imagens: True.
2026-07-13 08:49:29,832 | INFO | robo_diario_oficial | Pagina 54 extraida com 2011 caracteres. Origem: extracao_texto. Possui imagens: True.
2026-07-13 08:49:29,837 | INFO | robo_diario_oficial | Pagina 55 extraida com 1890 caracteres. Origem: extracao_texto. Possui imagens: True.
2026-07-13 08:49:29,839 | INFO | robo_diario_oficial | Pagina 56 extraida com 2381 caracteres. Origem: extracao_texto. Possui imagens: True.
2026-07-13 08:49:29,844 | INFO | robo_diario_oficial | Pagina 57 extraida com 1923 caracteres. Origem: extracao_texto. Possui imagens: True.
2026-07-13 08:49:29,848 | INFO | robo_diario_oficial | Pagina 58 extraida com 1879 caracteres. Origem: extracao_texto. Possui imagens: True.
2026-07-13 08:49:29,853 | INFO | robo_diario_oficial | Pagina 59 extraida com 2114 caracteres. Origem: extracao_texto. Possui imagens: True.
2026-07-13 08:49:29,857 | INFO | robo_diario_oficial | Pagina 60 extraida com 2872 caracteres. Origem: extracao_texto. Possui imagens: True.
2026-07-13 08:49:29,861 | INFO | robo_diario_oficial | Pagina 61 extraida com 2666 caracteres. Origem: extracao_texto. Possui imagens: True.
2026-07-13 08:49:29,865 | INFO | robo_diario_oficial | Pagina 62 extraida com 2458 caracteres. Origem: extracao_texto. Possui imagens: True.
2026-07-13 08:49:29,869 | INFO | robo_diario_oficial | Pagina 63 extraida com 2124 caracteres. Origem: extracao_texto. Possui imagens: True.
2026-07-13 08:49:29,870 | INFO | robo_diario_oficial | Pagina 64 extraida com 4765 caracteres. Origem: extracao_texto. Possui imagens: False.
2026-07-13 08:49:29,876 | INFO | robo_diario_oficial | Pagina 65 extraida com 1019 caracteres. Origem: extracao_texto. Possui imagens: False.
2026-07-13 08:49:29,879 | INFO | robo_diario_oficial | Pagina 66 extraida com 1275 caracteres. Origem: extracao_texto. Possui imagens: False.
2026-07-13 08:49:29,881 | INFO | robo_diario_oficial | Pagina 67 extraida com 1173 caracteres. Origem: extracao_texto. Possui imagens: False.
2026-07-13 08:49:29,885 | INFO | robo_diario_oficial | Pagina 68 extraida com 2126 caracteres. Origem: extracao_texto. Possui imagens: True.
2026-07-13 08:49:29,888 | INFO | robo_diario_oficial | Pagina 69 extraida com 5658 caracteres. Origem: extracao_texto. Possui imagens: True.
2026-07-13 08:49:29,894 | INFO | robo_diario_oficial | Pagina 70 extraida com 1685 caracteres. Origem: extracao_texto. Possui imagens: True.
2026-07-13 08:49:29,900 | INFO | robo_diario_oficial | Pagina 71 extraida com 3247 caracteres. Origem: extracao_texto. Possui imagens: True.
2026-07-13 08:49:29,902 | INFO | robo_diario_oficial | Pagina 72 extraida com 1019 caracteres. Origem: extracao_texto. Possui imagens: True.
2026-07-13 08:49:29,907 | INFO | robo_diario_oficial | Extracao de texto finalizada.
2026-07-13 08:49:29,909 | INFO | robo_diario_oficial | Paginas com texto extraido: 72 de 72
2026-07-13 08:49:29,956 | INFO | robo_diario_oficial | Arquivo bruto salvo em: storage/resultados\diario_oficial_2026_07_08_01_bruto.txt
2026-07-13 08:49:29,956 | INFO | robo_diario_oficial | Documento JSON salvo em: storage/resultados\diario_oficial_2026_07_08_02_documento.json
2026-07-13 08:49:29,956 | INFO | robo_diario_oficial | Artefatos gerados - bruto: storage/resultados\diario_oficial_2026_07_08_01_bruto.txt | documento: storage/resultados\diario_oficial_2026_07_08_02_documento.json
2026-07-13 08:49:29,960 | INFO | robo_diario_oficial | Resultados encontrados para 2026-07-08: 1
2026-07-13 08:49:29,960 | INFO | robo_diario_oficial | Processamento concluido. Datas processadas: 1 | Erros: 0
2026-07-13 08:49:29,974 | INFO | robo_diario_oficial | Resultado da pesquisa salvo em: storage/resultados\resultado_pesquisa_20260713.json
2026-07-13 08:49:33,167 | INFO | robo_diario_oficial | E-mail de alerta enviado para: ['josemar.mariano@fealq.com.br']
2026-07-13 08:49:33,167 | INFO | robo_diario_oficial | Resumo dos artefatos: {'datas_processadas': 1, 'datas_com_erro': 0, 'total_resultados_pesquisa': 1, 'pesquisa': 'storage/resultados\\resultado_pesquisa_20260713.json', 'email_enviado': True}
2026-07-13 08:49:33,167 | INFO | robo_diario_oficial | Robo Diario Oficial finalizado com sucesso.
2026-07-13 12:00:09,556 | INFO | robo_diario_oficial | Configuracoes carregadas com sucesso.
2026-07-13 12:00:09,556 | INFO | robo_diario_oficial | Robo Diario Oficial iniciado.
2026-07-13 12:00:09,556 | INFO | robo_diario_oficial | Range de datas: 2026-07-08 a 2026-07-08 (1 dia(s))
2026-07-13 12:00:09,556 | INFO | robo_diario_oficial | Total de datas a processar: 1
2026-07-13 12:00:09,564 | INFO | robo_diario_oficial | ============================================================
2026-07-13 12:00:09,564 | INFO | robo_diario_oficial | Processando data: 2026-07-08
2026-07-13 12:00:09,564 | INFO | robo_diario_oficial | ============================================================
2026-07-13 12:00:09,564 | INFO | robo_diario_oficial | Iniciando download do Diario Oficial.
2026-07-13 12:00:09,564 | INFO | robo_diario_oficial | URL: https://diariooficial.piracicaba.sp.gov.br/download/2026/07/08/
2026-07-13 12:00:09,564 | INFO | robo_diario_oficial | Arquivo destino: storage/pdfs\diario_oficial_2026_07_08.pdf
2026-07-13 12:00:09,564 | INFO | robo_diario_oficial | Arquivo ja existe. Download ignorado: storage/pdfs\diario_oficial_2026_07_08.pdf
2026-07-13 12:00:09,564 | INFO | robo_diario_oficial | Arquivo existente validado: storage/pdfs\diario_oficial_2026_07_08.pdf
2026-07-13 12:00:09,566 | INFO | robo_diario_oficial | PDF disponivel para processamento: storage/pdfs\diario_oficial_2026_07_08.pdf
2026-07-13 12:00:09,569 | INFO | robo_diario_oficial | Total de paginas identificado: 72
2026-07-13 12:00:09,569 | INFO | robo_diario_oficial | Iniciando extracao de texto do PDF.
2026-07-13 12:00:09,569 | INFO | robo_diario_oficial | Total de paginas: 72
2026-07-13 12:00:09,583 | INFO | robo_diario_oficial | Pagina 1 extraida com 4142 caracteres. Origem: extracao_texto. Possui imagens: True.
2026-07-13 12:00:09,598 | INFO | robo_diario_oficial | Pagina 2 extraida com 4321 caracteres. Origem: extracao_texto. Possui imagens: True.
2026-07-13 12:00:09,606 | INFO | robo_diario_oficial | Pagina 3 extraida com 2693 caracteres. Origem: extracao_texto. Possui imagens: True.
2026-07-13 12:00:09,606 | INFO | robo_diario_oficial | Pagina 4 extraida com 2657 caracteres. Origem: extracao_texto. Possui imagens: True.
2026-07-13 12:00:09,614 | INFO | robo_diario_oficial | Pagina 5 extraida com 2595 caracteres. Origem: extracao_texto. Possui imagens: True.
2026-07-13 12:00:09,614 | INFO | robo_diario_oficial | Pagina 6 extraida com 1719 caracteres. Origem: extracao_texto. Possui imagens: True.
2026-07-13 12:00:09,618 | INFO | robo_diario_oficial | Pagina 7 extraida com 1861 caracteres. Origem: extracao_texto. Possui imagens: True.
2026-07-13 12:00:09,618 | INFO | robo_diario_oficial | Pagina 8 extraida com 849 caracteres. Origem: extracao_texto. Possui imagens: True.
2026-07-13 12:00:09,618 | INFO | robo_diario_oficial | Pagina 9 extraida com 849 caracteres. Origem: extracao_texto. Possui imagens: True.
2026-07-13 12:00:09,618 | INFO | robo_diario_oficial | Pagina 10 extraida com 850 caracteres. Origem: extracao_texto. Possui imagens: True.
2026-07-13 12:00:09,618 | INFO | robo_diario_oficial | Pagina 11 extraida com 850 caracteres. Origem: extracao_texto. Possui imagens: True.
2026-07-13 12:00:09,618 | INFO | robo_diario_oficial | Pagina 12 extraida com 850 caracteres. Origem: extracao_texto. Possui imagens: True.
2026-07-13 12:00:09,618 | INFO | robo_diario_oficial | Pagina 13 extraida com 850 caracteres. Origem: extracao_texto. Possui imagens: True.
2026-07-13 12:00:09,618 | INFO | robo_diario_oficial | Pagina 14 extraida com 1461 caracteres. Origem: extracao_texto. Possui imagens: True.
2026-07-13 12:00:09,618 | INFO | robo_diario_oficial | Pagina 15 extraida com 4606 caracteres. Origem: extracao_texto. Possui imagens: True.
2026-07-13 12:00:09,630 | INFO | robo_diario_oficial | Pagina 16 extraida com 472 caracteres. Origem: extracao_texto. Possui imagens: True.
2026-07-13 12:00:09,634 | INFO | robo_diario_oficial | Pagina 17 extraida com 472 caracteres. Origem: extracao_texto. Possui imagens: True.
2026-07-13 12:00:09,634 | INFO | robo_diario_oficial | Pagina 18 extraida com 5861 caracteres. Origem: extracao_texto. Possui imagens: True.
2026-07-13 12:00:09,639 | INFO | robo_diario_oficial | Pagina 19 extraida com 5996 caracteres. Origem: extracao_texto. Possui imagens: False.
2026-07-13 12:00:09,639 | INFO | robo_diario_oficial | Pagina 20 extraida com 1723 caracteres. Origem: extracao_texto. Possui imagens: True.
2026-07-13 12:00:09,639 | INFO | robo_diario_oficial | Pagina 21 extraida com 2390 caracteres. Origem: extracao_texto. Possui imagens: True.
2026-07-13 12:00:09,647 | INFO | robo_diario_oficial | Pagina 22 extraida com 1664 caracteres. Origem: extracao_texto. Possui imagens: True.
2026-07-13 12:00:09,647 | INFO | robo_diario_oficial | Pagina 23 extraida com 1261 caracteres. Origem: extracao_texto. Possui imagens: True.
2026-07-13 12:00:09,649 | INFO | robo_diario_oficial | Pagina 24 extraida com 2099 caracteres. Origem: extracao_texto. Possui imagens: True.
2026-07-13 12:00:09,649 | INFO | robo_diario_oficial | Pagina 25 extraida com 4446 caracteres. Origem: extracao_texto. Possui imagens: True.
2026-07-13 12:00:09,656 | INFO | robo_diario_oficial | Pagina 26 extraida com 3506 caracteres. Origem: extracao_texto. Possui imagens: True.
2026-07-13 12:00:09,658 | INFO | robo_diario_oficial | Pagina 27 extraida com 1127 caracteres. Origem: extracao_texto. Possui imagens: True.
2026-07-13 12:00:09,662 | INFO | robo_diario_oficial | Pagina 28 extraida com 1301 caracteres. Origem: extracao_texto. Possui imagens: True.
2026-07-13 12:00:09,668 | INFO | robo_diario_oficial | Pagina 29 extraida com 584 caracteres. Origem: extracao_texto. Possui imagens: True.
2026-07-13 12:00:09,670 | INFO | robo_diario_oficial | Pagina 30 extraida com 3335 caracteres. Origem: extracao_texto. Possui imagens: False.
2026-07-13 12:00:09,672 | INFO | robo_diario_oficial | Pagina 31 extraida com 4912 caracteres. Origem: extracao_texto. Possui imagens: False.
2026-07-13 12:00:09,672 | INFO | robo_diario_oficial | Pagina 32 extraida com 5043 caracteres. Origem: extracao_texto. Possui imagens: True.
2026-07-13 12:00:09,679 | INFO | robo_diario_oficial | Pagina 33 extraida com 3245 caracteres. Origem: extracao_texto. Possui imagens: True.
2026-07-13 12:00:09,679 | INFO | robo_diario_oficial | Pagina 34 extraida com 2375 caracteres. Origem: extracao_texto. Possui imagens: True.
2026-07-13 12:00:09,689 | INFO | robo_diario_oficial | Pagina 35 extraida com 2221 caracteres. Origem: extracao_texto. Possui imagens: True.
2026-07-13 12:00:09,689 | INFO | robo_diario_oficial | Pagina 36 extraida com 2249 caracteres. Origem: extracao_texto. Possui imagens: True.
2026-07-13 12:00:09,693 | INFO | robo_diario_oficial | Pagina 37 extraida com 2059 caracteres. Origem: extracao_texto. Possui imagens: True.
2026-07-13 12:00:09,699 | INFO | robo_diario_oficial | Pagina 38 extraida com 2382 caracteres. Origem: extracao_texto. Possui imagens: True.
2026-07-13 12:00:09,703 | INFO | robo_diario_oficial | Pagina 39 extraida com 1892 caracteres. Origem: extracao_texto. Possui imagens: True.
2026-07-13 12:00:09,709 | INFO | robo_diario_oficial | Pagina 40 extraida com 1903 caracteres. Origem: extracao_texto. Possui imagens: True.
2026-07-13 12:00:09,713 | INFO | robo_diario_oficial | Pagina 41 extraida com 1903 caracteres. Origem: extracao_texto. Possui imagens: True.
2026-07-13 12:00:09,716 | INFO | robo_diario_oficial | Pagina 42 extraida com 1903 caracteres. Origem: extracao_texto. Possui imagens: True.
2026-07-13 12:00:09,718 | INFO | robo_diario_oficial | Pagina 43 extraida com 1897 caracteres. Origem: extracao_texto. Possui imagens: True.
2026-07-13 12:00:09,725 | INFO | robo_diario_oficial | Pagina 44 extraida com 1897 caracteres. Origem: extracao_texto. Possui imagens: True.
2026-07-13 12:00:09,727 | INFO | robo_diario_oficial | Pagina 45 extraida com 1898 caracteres. Origem: extracao_texto. Possui imagens: True.
2026-07-13 12:00:09,727 | INFO | robo_diario_oficial | Pagina 46 extraida com 1898 caracteres. Origem: extracao_texto. Possui imagens: True.
2026-07-13 12:00:09,737 | INFO | robo_diario_oficial | Pagina 47 extraida com 1893 caracteres. Origem: extracao_texto. Possui imagens: True.
2026-07-13 12:00:09,741 | INFO | robo_diario_oficial | Pagina 48 extraida com 1893 caracteres. Origem: extracao_texto. Possui imagens: True.
2026-07-13 12:00:09,743 | INFO | robo_diario_oficial | Pagina 49 extraida com 1896 caracteres. Origem: extracao_texto. Possui imagens: True.
2026-07-13 12:00:09,745 | INFO | robo_diario_oficial | Pagina 50 extraida com 2431 caracteres. Origem: extracao_texto. Possui imagens: True.
2026-07-13 12:00:09,751 | INFO | robo_diario_oficial | Pagina 51 extraida com 714 caracteres. Origem: extracao_texto. Possui imagens: True.
2026-07-13 12:00:09,751 | INFO | robo_diario_oficial | Pagina 52 extraida com 1955 caracteres. Origem: extracao_texto. Possui imagens: True.
2026-07-13 12:00:09,759 | INFO | robo_diario_oficial | Pagina 53 extraida com 2364 caracteres. Origem: extracao_texto. Possui imagens: True.
2026-07-13 12:00:09,761 | INFO | robo_diario_oficial | Pagina 54 extraida com 2011 caracteres. Origem: extracao_texto. Possui imagens: True.
2026-07-13 12:00:09,765 | INFO | robo_diario_oficial | Pagina 55 extraida com 1890 caracteres. Origem: extracao_texto. Possui imagens: True.
2026-07-13 12:00:09,765 | INFO | robo_diario_oficial | Pagina 56 extraida com 2381 caracteres. Origem: extracao_texto. Possui imagens: True.
2026-07-13 12:00:09,772 | INFO | robo_diario_oficial | Pagina 57 extraida com 1923 caracteres. Origem: extracao_texto. Possui imagens: True.
2026-07-13 12:00:09,776 | INFO | robo_diario_oficial | Pagina 58 extraida com 1879 caracteres. Origem: extracao_texto. Possui imagens: True.
2026-07-13 12:00:09,781 | INFO | robo_diario_oficial | Pagina 59 extraida com 2114 caracteres. Origem: extracao_texto. Possui imagens: True.
2026-07-13 12:00:09,785 | INFO | robo_diario_oficial | Pagina 60 extraida com 2872 caracteres. Origem: extracao_texto. Possui imagens: True.
2026-07-13 12:00:09,788 | INFO | robo_diario_oficial | Pagina 61 extraida com 2666 caracteres. Origem: extracao_texto. Possui imagens: True.
2026-07-13 12:00:09,788 | INFO | robo_diario_oficial | Pagina 62 extraida com 2458 caracteres. Origem: extracao_texto. Possui imagens: True.
2026-07-13 12:00:09,796 | INFO | robo_diario_oficial | Pagina 63 extraida com 2124 caracteres. Origem: extracao_texto. Possui imagens: True.
2026-07-13 12:00:09,796 | INFO | robo_diario_oficial | Pagina 64 extraida com 4765 caracteres. Origem: extracao_texto. Possui imagens: False.
2026-07-13 12:00:09,804 | INFO | robo_diario_oficial | Pagina 65 extraida com 1019 caracteres. Origem: extracao_texto. Possui imagens: False.
2026-07-13 12:00:09,804 | INFO | robo_diario_oficial | Pagina 66 extraida com 1275 caracteres. Origem: extracao_texto. Possui imagens: False.
2026-07-13 12:00:09,804 | INFO | robo_diario_oficial | Pagina 67 extraida com 1173 caracteres. Origem: extracao_texto. Possui imagens: False.
2026-07-13 12:00:09,804 | INFO | robo_diario_oficial | Pagina 68 extraida com 2126 caracteres. Origem: extracao_texto. Possui imagens: True.
2026-07-13 12:00:09,804 | INFO | robo_diario_oficial | Pagina 69 extraida com 5658 caracteres. Origem: extracao_texto. Possui imagens: True.
2026-07-13 12:00:09,820 | INFO | robo_diario_oficial | Pagina 70 extraida com 1685 caracteres. Origem: extracao_texto. Possui imagens: True.
2026-07-13 12:00:09,820 | INFO | robo_diario_oficial | Pagina 71 extraida com 3247 caracteres. Origem: extracao_texto. Possui imagens: True.
2026-07-13 12:00:09,820 | INFO | robo_diario_oficial | Pagina 72 extraida com 1019 caracteres. Origem: extracao_texto. Possui imagens: True.
2026-07-13 12:00:09,836 | INFO | robo_diario_oficial | Extracao de texto finalizada.
2026-07-13 12:00:09,836 | INFO | robo_diario_oficial | Paginas com texto extraido: 72 de 72
2026-07-13 12:00:09,882 | INFO | robo_diario_oficial | Arquivo bruto salvo em: storage/resultados\diario_oficial_2026_07_08_01_bruto.txt
2026-07-13 12:00:09,882 | INFO | robo_diario_oficial | Documento JSON salvo em: storage/resultados\diario_oficial_2026_07_08_02_documento.json
2026-07-13 12:00:09,882 | INFO | robo_diario_oficial | Artefatos gerados - bruto: storage/resultados\diario_oficial_2026_07_08_01_bruto.txt | documento: storage/resultados\diario_oficial_2026_07_08_02_documento.json
2026-07-13 12:00:09,883 | INFO | robo_diario_oficial | Resultados encontrados para 2026-07-08: 1
2026-07-13 12:00:09,899 | INFO | robo_diario_oficial | Processamento concluido. Datas processadas: 1 | Erros: 0
2026-07-13 12:00:09,899 | INFO | robo_diario_oficial | Resultado da pesquisa salvo em: storage/resultados\resultado_pesquisa_20260713.json
2026-07-13 12:00:15,806 | INFO | robo_diario_oficial | E-mail de alerta enviado para: ['josemar.mariano@fealq.com.br', 'fernanda.forti@fealq.com.br', 'fabiana.cerri@fealq.com.br', 'anabeatriz.lopes@fealq.com.br', 'paula.arigoni@fealq.com.br', 'patricia.carvalho@fealq.com.br', 'danielle.poppi@fealq.com.br', 'ana.flavia@fealq.com.br', 'camila.soares@fealq.com.br', 'alessandra.paiva@fealq.com.br']
2026-07-13 12:00:15,806 | INFO | robo_diario_oficial | Resumo dos artefatos: {'datas_processadas': 1, 'datas_com_erro': 0, 'total_resultados_pesquisa': 1, 'pesquisa': 'storage/resultados\\resultado_pesquisa_20260713.json', 'email_enviado': True}
2026-07-13 12:00:15,806 | INFO | robo_diario_oficial | Robo Diario Oficial finalizado com sucesso.
2026-07-14 12:00:04,574 | INFO | robo_diario_oficial | Configuracoes carregadas com sucesso.
2026-07-14 12:00:04,580 | INFO | robo_diario_oficial | Robo Diario Oficial iniciado.
2026-07-14 12:00:04,580 | INFO | robo_diario_oficial | Range de datas: 2026-07-08 a 2026-07-08 (1 dia(s))
2026-07-14 12:00:04,580 | INFO | robo_diario_oficial | Total de datas a processar: 1
2026-07-14 12:00:04,580 | INFO | robo_diario_oficial | ============================================================
2026-07-14 12:00:04,580 | INFO | robo_diario_oficial | Processando data: 2026-07-08
2026-07-14 12:00:04,580 | INFO | robo_diario_oficial | ============================================================
2026-07-14 12:00:04,580 | INFO | robo_diario_oficial | Iniciando download do Diario Oficial.
2026-07-14 12:00:04,580 | INFO | robo_diario_oficial | URL: https://diariooficial.piracicaba.sp.gov.br/download/2026/07/08/
2026-07-14 12:00:04,580 | INFO | robo_diario_oficial | Arquivo destino: storage/pdfs\diario_oficial_2026_07_08.pdf
2026-07-14 12:00:04,580 | INFO | robo_diario_oficial | Arquivo ja existe. Download ignorado: storage/pdfs\diario_oficial_2026_07_08.pdf
2026-07-14 12:00:04,589 | INFO | robo_diario_oficial | Arquivo existente validado: storage/pdfs\diario_oficial_2026_07_08.pdf
2026-07-14 12:00:04,589 | INFO | robo_diario_oficial | PDF disponivel para processamento: storage/pdfs\diario_oficial_2026_07_08.pdf
2026-07-14 12:00:04,608 | INFO | robo_diario_oficial | Total de paginas identificado: 72
2026-07-14 12:00:04,612 | INFO | robo_diario_oficial | Iniciando extracao de texto do PDF.
2026-07-14 12:00:04,612 | INFO | robo_diario_oficial | Total de paginas: 72
2026-07-14 12:00:04,637 | INFO | robo_diario_oficial | Pagina 1 extraida com 4142 caracteres. Origem: extracao_texto. Possui imagens: True.
2026-07-14 12:00:04,664 | INFO | robo_diario_oficial | Pagina 2 extraida com 4321 caracteres. Origem: extracao_texto. Possui imagens: True.
2026-07-14 12:00:04,669 | INFO | robo_diario_oficial | Pagina 3 extraida com 2693 caracteres. Origem: extracao_texto. Possui imagens: True.
2026-07-14 12:00:04,673 | INFO | robo_diario_oficial | Pagina 4 extraida com 2657 caracteres. Origem: extracao_texto. Possui imagens: True.
2026-07-14 12:00:04,673 | INFO | robo_diario_oficial | Pagina 5 extraida com 2595 caracteres. Origem: extracao_texto. Possui imagens: True.
2026-07-14 12:00:04,673 | INFO | robo_diario_oficial | Pagina 6 extraida com 1719 caracteres. Origem: extracao_texto. Possui imagens: True.
2026-07-14 12:00:04,682 | INFO | robo_diario_oficial | Pagina 7 extraida com 1861 caracteres. Origem: extracao_texto. Possui imagens: True.
2026-07-14 12:00:04,685 | INFO | robo_diario_oficial | Pagina 8 extraida com 849 caracteres. Origem: extracao_texto. Possui imagens: True.
2026-07-14 12:00:04,685 | INFO | robo_diario_oficial | Pagina 9 extraida com 849 caracteres. Origem: extracao_texto. Possui imagens: True.
2026-07-14 12:00:04,689 | INFO | robo_diario_oficial | Pagina 10 extraida com 850 caracteres. Origem: extracao_texto. Possui imagens: True.
2026-07-14 12:00:04,690 | INFO | robo_diario_oficial | Pagina 11 extraida com 850 caracteres. Origem: extracao_texto. Possui imagens: True.
2026-07-14 12:00:04,695 | INFO | robo_diario_oficial | Pagina 12 extraida com 850 caracteres. Origem: extracao_texto. Possui imagens: True.
2026-07-14 12:00:04,697 | INFO | robo_diario_oficial | Pagina 13 extraida com 850 caracteres. Origem: extracao_texto. Possui imagens: True.
2026-07-14 12:00:04,697 | INFO | robo_diario_oficial | Pagina 14 extraida com 1461 caracteres. Origem: extracao_texto. Possui imagens: True.
2026-07-14 12:00:04,700 | INFO | robo_diario_oficial | Pagina 15 extraida com 4606 caracteres. Origem: extracao_texto. Possui imagens: True.
2026-07-14 12:00:04,718 | INFO | robo_diario_oficial | Pagina 16 extraida com 472 caracteres. Origem: extracao_texto. Possui imagens: True.
2026-07-14 12:00:04,785 | INFO | robo_diario_oficial | Pagina 17 extraida com 472 caracteres. Origem: extracao_texto. Possui imagens: True.
2026-07-14 12:00:04,792 | INFO | robo_diario_oficial | Pagina 18 extraida com 5861 caracteres. Origem: extracao_texto. Possui imagens: True.
2026-07-14 12:00:04,798 | INFO | robo_diario_oficial | Pagina 19 extraida com 5996 caracteres. Origem: extracao_texto. Possui imagens: False.
2026-07-14 12:00:04,798 | INFO | robo_diario_oficial | Pagina 20 extraida com 1723 caracteres. Origem: extracao_texto. Possui imagens: True.
2026-07-14 12:00:04,798 | INFO | robo_diario_oficial | Pagina 21 extraida com 2390 caracteres. Origem: extracao_texto. Possui imagens: True.
2026-07-14 12:00:04,808 | INFO | robo_diario_oficial | Pagina 22 extraida com 1664 caracteres. Origem: extracao_texto. Possui imagens: True.
2026-07-14 12:00:04,808 | INFO | robo_diario_oficial | Pagina 23 extraida com 1261 caracteres. Origem: extracao_texto. Possui imagens: True.
2026-07-14 12:00:04,808 | INFO | robo_diario_oficial | Pagina 24 extraida com 2099 caracteres. Origem: extracao_texto. Possui imagens: True.
2026-07-14 12:00:04,808 | INFO | robo_diario_oficial | Pagina 25 extraida com 4446 caracteres. Origem: extracao_texto. Possui imagens: True.
2026-07-14 12:00:04,824 | INFO | robo_diario_oficial | Pagina 26 extraida com 3506 caracteres. Origem: extracao_texto. Possui imagens: True.
2026-07-14 12:00:04,828 | INFO | robo_diario_oficial | Pagina 27 extraida com 1127 caracteres. Origem: extracao_texto. Possui imagens: True.
2026-07-14 12:00:04,828 | INFO | robo_diario_oficial | Pagina 28 extraida com 1301 caracteres. Origem: extracao_texto. Possui imagens: True.
2026-07-14 12:00:04,828 | INFO | robo_diario_oficial | Pagina 29 extraida com 584 caracteres. Origem: extracao_texto. Possui imagens: True.
2026-07-14 12:00:04,835 | INFO | robo_diario_oficial | Pagina 30 extraida com 3335 caracteres. Origem: extracao_texto. Possui imagens: False.
2026-07-14 12:00:04,835 | INFO | robo_diario_oficial | Pagina 31 extraida com 4912 caracteres. Origem: extracao_texto. Possui imagens: False.
2026-07-14 12:00:04,835 | INFO | robo_diario_oficial | Pagina 32 extraida com 5043 caracteres. Origem: extracao_texto. Possui imagens: True.
2026-07-14 12:00:04,840 | INFO | robo_diario_oficial | Pagina 33 extraida com 3245 caracteres. Origem: extracao_texto. Possui imagens: True.
2026-07-14 12:00:04,849 | INFO | robo_diario_oficial | Pagina 34 extraida com 2375 caracteres. Origem: extracao_texto. Possui imagens: True.
2026-07-14 12:00:04,849 | INFO | robo_diario_oficial | Pagina 35 extraida com 2221 caracteres. Origem: extracao_texto. Possui imagens: True.
2026-07-14 12:00:04,855 | INFO | robo_diario_oficial | Pagina 36 extraida com 2249 caracteres. Origem: extracao_texto. Possui imagens: True.
2026-07-14 12:00:04,861 | INFO | robo_diario_oficial | Pagina 37 extraida com 2059 caracteres. Origem: extracao_texto. Possui imagens: True.
2026-07-14 12:00:04,861 | INFO | robo_diario_oficial | Pagina 38 extraida com 2382 caracteres. Origem: extracao_texto. Possui imagens: True.
2026-07-14 12:00:04,861 | INFO | robo_diario_oficial | Pagina 39 extraida com 1892 caracteres. Origem: extracao_texto. Possui imagens: True.
2026-07-14 12:00:04,871 | INFO | robo_diario_oficial | Pagina 40 extraida com 1903 caracteres. Origem: extracao_texto. Possui imagens: True.
2026-07-14 12:00:04,877 | INFO | robo_diario_oficial | Pagina 41 extraida com 1903 caracteres. Origem: extracao_texto. Possui imagens: True.
2026-07-14 12:00:04,877 | INFO | robo_diario_oficial | Pagina 42 extraida com 1903 caracteres. Origem: extracao_texto. Possui imagens: True.
2026-07-14 12:00:04,877 | INFO | robo_diario_oficial | Pagina 43 extraida com 1897 caracteres. Origem: extracao_texto. Possui imagens: True.
2026-07-14 12:00:04,887 | INFO | robo_diario_oficial | Pagina 44 extraida com 1897 caracteres. Origem: extracao_texto. Possui imagens: True.
2026-07-14 12:00:04,890 | INFO | robo_diario_oficial | Pagina 45 extraida com 1898 caracteres. Origem: extracao_texto. Possui imagens: True.
2026-07-14 12:00:04,890 | INFO | robo_diario_oficial | Pagina 46 extraida com 1898 caracteres. Origem: extracao_texto. Possui imagens: True.
2026-07-14 12:00:04,890 | INFO | robo_diario_oficial | Pagina 47 extraida com 1893 caracteres. Origem: extracao_texto. Possui imagens: True.
2026-07-14 12:00:04,903 | INFO | robo_diario_oficial | Pagina 48 extraida com 1893 caracteres. Origem: extracao_texto. Possui imagens: True.
2026-07-14 12:00:04,903 | INFO | robo_diario_oficial | Pagina 49 extraida com 1896 caracteres. Origem: extracao_texto. Possui imagens: True.
2026-07-14 12:00:04,903 | INFO | robo_diario_oficial | Pagina 50 extraida com 2431 caracteres. Origem: extracao_texto. Possui imagens: True.
2026-07-14 12:00:04,903 | INFO | robo_diario_oficial | Pagina 51 extraida com 714 caracteres. Origem: extracao_texto. Possui imagens: True.
2026-07-14 12:00:04,919 | INFO | robo_diario_oficial | Pagina 52 extraida com 1955 caracteres. Origem: extracao_texto. Possui imagens: True.
2026-07-14 12:00:04,922 | INFO | robo_diario_oficial | Pagina 53 extraida com 2364 caracteres. Origem: extracao_texto. Possui imagens: True.
2026-07-14 12:00:04,926 | INFO | robo_diario_oficial | Pagina 54 extraida com 2011 caracteres. Origem: extracao_texto. Possui imagens: True.
2026-07-14 12:00:04,932 | INFO | robo_diario_oficial | Pagina 55 extraida com 1890 caracteres. Origem: extracao_texto. Possui imagens: True.
2026-07-14 12:00:04,936 | INFO | robo_diario_oficial | Pagina 56 extraida com 2381 caracteres. Origem: extracao_texto. Possui imagens: True.
2026-07-14 12:00:04,940 | INFO | robo_diario_oficial | Pagina 57 extraida com 1923 caracteres. Origem: extracao_texto. Possui imagens: True.
2026-07-14 12:00:04,944 | INFO | robo_diario_oficial | Pagina 58 extraida com 1879 caracteres. Origem: extracao_texto. Possui imagens: True.
2026-07-14 12:00:04,948 | INFO | robo_diario_oficial | Pagina 59 extraida com 2114 caracteres. Origem: extracao_texto. Possui imagens: True.
2026-07-14 12:00:04,951 | INFO | robo_diario_oficial | Pagina 60 extraida com 2872 caracteres. Origem: extracao_texto. Possui imagens: True.
2026-07-14 12:00:04,956 | INFO | robo_diario_oficial | Pagina 61 extraida com 2666 caracteres. Origem: extracao_texto. Possui imagens: True.
2026-07-14 12:00:04,960 | INFO | robo_diario_oficial | Pagina 62 extraida com 2458 caracteres. Origem: extracao_texto. Possui imagens: True.
2026-07-14 12:00:04,960 | INFO | robo_diario_oficial | Pagina 63 extraida com 2124 caracteres. Origem: extracao_texto. Possui imagens: True.
2026-07-14 12:00:05,019 | INFO | robo_diario_oficial | Pagina 64 extraida com 4765 caracteres. Origem: extracao_texto. Possui imagens: False.
2026-07-14 12:00:05,030 | INFO | robo_diario_oficial | Pagina 65 extraida com 1019 caracteres. Origem: extracao_texto. Possui imagens: False.
2026-07-14 12:00:05,059 | INFO | robo_diario_oficial | Pagina 66 extraida com 1275 caracteres. Origem: extracao_texto. Possui imagens: False.
2026-07-14 12:00:05,065 | INFO | robo_diario_oficial | Pagina 67 extraida com 1173 caracteres. Origem: extracao_texto. Possui imagens: False.
2026-07-14 12:00:05,075 | INFO | robo_diario_oficial | Pagina 68 extraida com 2126 caracteres. Origem: extracao_texto. Possui imagens: True.
2026-07-14 12:00:05,078 | INFO | robo_diario_oficial | Pagina 69 extraida com 5658 caracteres. Origem: extracao_texto. Possui imagens: True.
2026-07-14 12:00:05,094 | INFO | robo_diario_oficial | Pagina 70 extraida com 1685 caracteres. Origem: extracao_texto. Possui imagens: True.
2026-07-14 12:00:05,102 | INFO | robo_diario_oficial | Pagina 71 extraida com 3247 caracteres. Origem: extracao_texto. Possui imagens: True.
2026-07-14 12:00:05,109 | INFO | robo_diario_oficial | Pagina 72 extraida com 1019 caracteres. Origem: extracao_texto. Possui imagens: True.
2026-07-14 12:00:05,119 | INFO | robo_diario_oficial | Extracao de texto finalizada.
2026-07-14 12:00:05,119 | INFO | robo_diario_oficial | Paginas com texto extraido: 72 de 72
2026-07-14 12:00:05,157 | INFO | robo_diario_oficial | Arquivo bruto salvo em: storage/resultados\diario_oficial_2026_07_08_01_bruto.txt
2026-07-14 12:00:05,157 | INFO | robo_diario_oficial | Documento JSON salvo em: storage/resultados\diario_oficial_2026_07_08_02_documento.json
2026-07-14 12:00:05,157 | INFO | robo_diario_oficial | Artefatos gerados - bruto: storage/resultados\diario_oficial_2026_07_08_01_bruto.txt | documento: storage/resultados\diario_oficial_2026_07_08_02_documento.json
2026-07-14 12:00:05,175 | INFO | robo_diario_oficial | Resultados encontrados para 2026-07-08: 1
2026-07-14 12:00:05,175 | INFO | robo_diario_oficial | Processamento concluido. Datas processadas: 1 | Erros: 0
2026-07-14 12:00:05,186 | INFO | robo_diario_oficial | Resultado da pesquisa salvo em: storage/resultados\resultado_pesquisa_20260714.json
2026-07-14 12:00:11,403 | INFO | robo_diario_oficial | E-mail de alerta enviado para: ['josemar.mariano@fealq.com.br', 'fernanda.forti@fealq.com.br', 'fabiana.cerri@fealq.com.br', 'anabeatriz.lopes@fealq.com.br', 'paula.arigoni@fealq.com.br', 'patricia.carvalho@fealq.com.br', 'danielle.poppi@fealq.com.br', 'ana.flavia@fealq.com.br', 'camila.soares@fealq.com.br', 'alessandra.paiva@fealq.com.br']
2026-07-14 12:00:11,403 | INFO | robo_diario_oficial | Resumo dos artefatos: {'datas_processadas': 1, 'datas_com_erro': 0, 'total_resultados_pesquisa': 1, 'pesquisa': 'storage/resultados\\resultado_pesquisa_20260714.json', 'email_enviado': True}
2026-07-14 12:00:11,419 | INFO | robo_diario_oficial | Robo Diario Oficial finalizado com sucesso.
2026-07-14 12:41:14,973 | INFO | robo_diario_oficial | Configuracoes carregadas com sucesso.
2026-07-14 12:41:14,973 | INFO | robo_diario_oficial | Robo Diario Oficial iniciado.
2026-07-14 12:41:14,973 | INFO | robo_diario_oficial | DATA_PESQUISA_DE e DATA_PESQUISA_ATE nao informadas. Usando data atual.
2026-07-14 12:41:14,973 | INFO | robo_diario_oficial | Total de datas a processar: 1
2026-07-14 12:41:14,973 | INFO | robo_diario_oficial | ============================================================
2026-07-14 12:41:14,973 | INFO | robo_diario_oficial | Processando data: 2026-07-14
2026-07-14 12:41:14,973 | INFO | robo_diario_oficial | ============================================================
2026-07-14 12:41:14,973 | INFO | robo_diario_oficial | Iniciando download do Diario Oficial.
2026-07-14 12:41:14,973 | INFO | robo_diario_oficial | URL: https://diariooficial.piracicaba.sp.gov.br/download/2026/07/14/
2026-07-14 12:41:14,973 | INFO | robo_diario_oficial | Arquivo destino: storage/pdfs\diario_oficial_2026_07_14.pdf
2026-07-14 12:41:18,067 | INFO | robo_diario_oficial | Status HTTP: 200
2026-07-14 12:41:18,151 | ERROR | robo_diario_oficial | Erro ao processar data 2026-07-14: Arquivo baixado nao parece ser um PDF valido. Assinatura encontrada: b'\r\n\r\n '
Traceback (most recent call last):
  File "D:\robo_diario_oficial\main.py", line 180, in main
    resultado = executar_download(data, logger)
                ^^^^^^^^^^^^^^^^^^^^^^^^^^^^^^^
  File "D:\robo_diario_oficial\main.py", line 73, in executar_download
    caminho_pdf, url_download = baixar_pdf_diario(
                                ^^^^^^^^^^^^^^^^^^
  File "D:\robo_diario_oficial\app\baixar_pdf.py", line 116, in baixar_pdf_diario
    validar_pdf(caminho_arquivo)
  File "D:\robo_diario_oficial\app\baixar_pdf.py", line 38, in validar_pdf
    raise RuntimeError(
RuntimeError: Arquivo baixado nao parece ser um PDF valido. Assinatura encontrada: b'\r\n\r\n '
2026-07-14 12:41:18,163 | INFO | robo_diario_oficial | Processamento concluido. Datas processadas: 0 | Erros: 1
2026-07-14 12:41:18,163 | INFO | robo_diario_oficial | Nenhum resultado encontrado para os termos configurados.
2026-07-14 12:41:18,163 | INFO | robo_diario_oficial | Resumo dos artefatos: {'datas_processadas': 0, 'datas_com_erro': 1, 'total_resultados_pesquisa': 0, 'email_enviado': False}
2026-07-14 12:41:18,163 | INFO | robo_diario_oficial | Robo Diario Oficial finalizado com sucesso.
2026-07-14 13:22:21,846 | INFO | robo_diario_oficial | Configuracoes carregadas com sucesso.
2026-07-14 13:22:21,849 | INFO | robo_diario_oficial | Robo Diario Oficial iniciado.
2026-07-14 13:22:21,849 | INFO | robo_diario_oficial | DATA_PESQUISA_DE e DATA_PESQUISA_ATE nao informadas. Usando data atual.
2026-07-14 13:22:21,849 | INFO | robo_diario_oficial | Total de datas a processar: 1
2026-07-14 13:22:21,849 | INFO | robo_diario_oficial | ============================================================
2026-07-14 13:22:21,849 | INFO | robo_diario_oficial | Processando data: 2026-07-14
2026-07-14 13:22:21,849 | INFO | robo_diario_oficial | ============================================================
2026-07-14 13:22:21,849 | INFO | robo_diario_oficial | Iniciando download do Diario Oficial.
2026-07-14 13:22:21,849 | INFO | robo_diario_oficial | URL: https://diariooficial.piracicaba.sp.gov.br/download/2026/07/14/
2026-07-14 13:22:21,849 | INFO | robo_diario_oficial | Arquivo destino: storage/pdfs\diario_oficial_2026_07_14.pdf
2026-07-14 13:22:21,849 | INFO | robo_diario_oficial | Arquivo ja existe. Download ignorado: storage/pdfs\diario_oficial_2026_07_14.pdf
2026-07-14 13:22:21,849 | ERROR | robo_diario_oficial | Erro ao processar data 2026-07-14: Arquivo baixado nao parece ser um PDF valido. Assinatura encontrada: b'\r\n\r\n '
Traceback (most recent call last):
  File "D:\robo_diario_oficial\main.py", line 180, in main
    resultado = executar_download(data, logger)
                ^^^^^^^^^^^^^^^^^^^^^^^^^^^^^^^
  File "D:\robo_diario_oficial\main.py", line 73, in executar_download
    caminho_pdf, url_download = baixar_pdf_diario(
                                ^^^^^^^^^^^^^^^^^^
  File "D:\robo_diario_oficial\app\baixar_pdf.py", line 66, in baixar_pdf_diario
    validar_pdf(caminho_arquivo)
  File "D:\robo_diario_oficial\app\baixar_pdf.py", line 38, in validar_pdf
    raise RuntimeError(
RuntimeError: Arquivo baixado nao parece ser um PDF valido. Assinatura encontrada: b'\r\n\r\n '
2026-07-14 13:22:21,849 | INFO | robo_diario_oficial | Processamento concluido. Datas processadas: 0 | Erros: 1
2026-07-14 13:22:21,849 | INFO | robo_diario_oficial | Nenhum resultado encontrado para os termos configurados.
2026-07-14 13:22:21,849 | INFO | robo_diario_oficial | Resumo dos artefatos: {'datas_processadas': 0, 'datas_com_erro': 1, 'total_resultados_pesquisa': 0, 'email_enviado': False}
2026-07-14 13:22:21,849 | INFO | robo_diario_oficial | Robo Diario Oficial finalizado com sucesso.
2026-07-14 13:22:57,840 | INFO | robo_diario_oficial | Configuracoes carregadas com sucesso.
2026-07-14 13:22:57,840 | INFO | robo_diario_oficial | Robo Diario Oficial iniciado.
2026-07-14 13:22:57,840 | INFO | robo_diario_oficial | DATA_PESQUISA_DE e DATA_PESQUISA_ATE nao informadas. Usando data atual.
2026-07-14 13:22:57,840 | INFO | robo_diario_oficial | Total de datas a processar: 1
2026-07-14 13:22:57,840 | INFO | robo_diario_oficial | ============================================================
2026-07-14 13:22:57,840 | INFO | robo_diario_oficial | Processando data: 2026-07-14
2026-07-14 13:22:57,842 | INFO | robo_diario_oficial | ============================================================
2026-07-14 13:22:57,842 | INFO | robo_diario_oficial | Iniciando download do Diario Oficial.
2026-07-14 13:22:57,842 | INFO | robo_diario_oficial | URL: https://diariooficial.piracicaba.sp.gov.br/download/2026/07/14/
2026-07-14 13:22:57,842 | INFO | robo_diario_oficial | Arquivo destino: storage/pdfs\diario_oficial_2026_07_14.pdf
2026-07-14 13:23:01,417 | INFO | robo_diario_oficial | Status HTTP: 200
2026-07-14 13:23:01,446 | ERROR | robo_diario_oficial | Erro ao processar data 2026-07-14: Arquivo baixado nao parece ser um PDF valido. Assinatura encontrada: b'\r\n\r\n '
Traceback (most recent call last):
  File "D:\robo_diario_oficial\main.py", line 180, in main
    resultado = executar_download(data, logger)
                ^^^^^^^^^^^^^^^^^^^^^^^^^^^^^^^
  File "D:\robo_diario_oficial\main.py", line 73, in executar_download
    caminho_pdf, url_download = baixar_pdf_diario(
                                ^^^^^^^^^^^^^^^^^^
  File "D:\robo_diario_oficial\app\baixar_pdf.py", line 116, in baixar_pdf_diario
    validar_pdf(caminho_arquivo)
  File "D:\robo_diario_oficial\app\baixar_pdf.py", line 38, in validar_pdf
    raise RuntimeError(
RuntimeError: Arquivo baixado nao parece ser um PDF valido. Assinatura encontrada: b'\r\n\r\n '
2026-07-14 13:23:01,446 | INFO | robo_diario_oficial | Processamento concluido. Datas processadas: 0 | Erros: 1
2026-07-14 13:23:01,446 | INFO | robo_diario_oficial | Nenhum resultado encontrado para os termos configurados.
2026-07-14 13:23:01,446 | INFO | robo_diario_oficial | Resumo dos artefatos: {'datas_processadas': 0, 'datas_com_erro': 1, 'total_resultados_pesquisa': 0, 'email_enviado': False}
2026-07-14 13:23:01,446 | INFO | robo_diario_oficial | Robo Diario Oficial finalizado com sucesso.
2026-07-14 13:29:03,441 | INFO | robo_diario_oficial | Configuracoes carregadas com sucesso.
2026-07-14 13:29:03,441 | INFO | robo_diario_oficial | Robo Diario Oficial iniciado.
2026-07-14 13:29:03,441 | INFO | robo_diario_oficial | DATA_PESQUISA_DE e DATA_PESQUISA_ATE nao informadas. Usando data atual.
2026-07-14 13:29:03,443 | INFO | robo_diario_oficial | Total de datas a processar: 1
2026-07-14 13:29:03,443 | INFO | robo_diario_oficial | ============================================================
2026-07-14 13:29:03,443 | INFO | robo_diario_oficial | Processando data: 2026-07-14
2026-07-14 13:29:03,443 | INFO | robo_diario_oficial | ============================================================
2026-07-14 13:29:03,443 | INFO | robo_diario_oficial | Iniciando download do Diario Oficial.
2026-07-14 13:29:03,443 | INFO | robo_diario_oficial | URL: https://diariooficial.piracicaba.sp.gov.br//2026/07/14/
2026-07-14 13:29:03,443 | INFO | robo_diario_oficial | Arquivo destino: storage/pdfs\diario_oficial_2026_07_14.pdf
2026-07-14 13:29:03,443 | INFO | robo_diario_oficial | Arquivo ja existe. Download ignorado: storage/pdfs\diario_oficial_2026_07_14.pdf
2026-07-14 13:29:03,443 | ERROR | robo_diario_oficial | Erro ao processar data 2026-07-14: Arquivo baixado nao parece ser um PDF valido. Assinatura encontrada: b'\r\n\r\n '
Traceback (most recent call last):
  File "D:\robo_diario_oficial\main.py", line 180, in main
    resultado = executar_download(data, logger)
                ^^^^^^^^^^^^^^^^^^^^^^^^^^^^^^^
  File "D:\robo_diario_oficial\main.py", line 73, in executar_download
    caminho_pdf, url_download = baixar_pdf_diario(
                                ^^^^^^^^^^^^^^^^^^
  File "D:\robo_diario_oficial\app\baixar_pdf.py", line 66, in baixar_pdf_diario
    validar_pdf(caminho_arquivo)
  File "D:\robo_diario_oficial\app\baixar_pdf.py", line 38, in validar_pdf
    raise RuntimeError(
RuntimeError: Arquivo baixado nao parece ser um PDF valido. Assinatura encontrada: b'\r\n\r\n '
2026-07-14 13:29:03,443 | INFO | robo_diario_oficial | Processamento concluido. Datas processadas: 0 | Erros: 1
2026-07-14 13:29:03,443 | INFO | robo_diario_oficial | Nenhum resultado encontrado para os termos configurados.
2026-07-14 13:29:03,447 | INFO | robo_diario_oficial | Resumo dos artefatos: {'datas_processadas': 0, 'datas_com_erro': 1, 'total_resultados_pesquisa': 0, 'email_enviado': False}
2026-07-14 13:29:03,447 | INFO | robo_diario_oficial | Robo Diario Oficial finalizado com sucesso.
2026-07-14 13:29:38,269 | INFO | robo_diario_oficial | Configuracoes carregadas com sucesso.
2026-07-14 13:29:38,269 | INFO | robo_diario_oficial | Robo Diario Oficial iniciado.
2026-07-14 13:29:38,269 | INFO | robo_diario_oficial | DATA_PESQUISA_DE e DATA_PESQUISA_ATE nao informadas. Usando data atual.
2026-07-14 13:29:38,269 | INFO | robo_diario_oficial | Total de datas a processar: 1
2026-07-14 13:29:38,269 | INFO | robo_diario_oficial | ============================================================
2026-07-14 13:29:38,269 | INFO | robo_diario_oficial | Processando data: 2026-07-14
2026-07-14 13:29:38,269 | INFO | robo_diario_oficial | ============================================================
2026-07-14 13:29:38,269 | INFO | robo_diario_oficial | Iniciando download do Diario Oficial.
2026-07-14 13:29:38,269 | INFO | robo_diario_oficial | URL: https://diariooficial.piracicaba.sp.gov.br/2026/07/14/
2026-07-14 13:29:38,269 | INFO | robo_diario_oficial | Arquivo destino: storage/pdfs\diario_oficial_2026_07_14.pdf
2026-07-14 13:29:38,269 | INFO | robo_diario_oficial | Arquivo ja existe. Download ignorado: storage/pdfs\diario_oficial_2026_07_14.pdf
2026-07-14 13:29:38,269 | ERROR | robo_diario_oficial | Erro ao processar data 2026-07-14: Arquivo baixado nao parece ser um PDF valido. Assinatura encontrada: b'\r\n\r\n '
Traceback (most recent call last):
  File "D:\robo_diario_oficial\main.py", line 180, in main
    resultado = executar_download(data, logger)
                ^^^^^^^^^^^^^^^^^^^^^^^^^^^^^^^
  File "D:\robo_diario_oficial\main.py", line 73, in executar_download
    caminho_pdf, url_download = baixar_pdf_diario(
                                ^^^^^^^^^^^^^^^^^^
  File "D:\robo_diario_oficial\app\baixar_pdf.py", line 66, in baixar_pdf_diario
    validar_pdf(caminho_arquivo)
  File "D:\robo_diario_oficial\app\baixar_pdf.py", line 38, in validar_pdf
    raise RuntimeError(
RuntimeError: Arquivo baixado nao parece ser um PDF valido. Assinatura encontrada: b'\r\n\r\n '
2026-07-14 13:29:38,269 | INFO | robo_diario_oficial | Processamento concluido. Datas processadas: 0 | Erros: 1
2026-07-14 13:29:38,269 | INFO | robo_diario_oficial | Nenhum resultado encontrado para os termos configurados.
2026-07-14 13:29:38,269 | INFO | robo_diario_oficial | Resumo dos artefatos: {'datas_processadas': 0, 'datas_com_erro': 1, 'total_resultados_pesquisa': 0, 'email_enviado': False}
2026-07-14 13:29:38,269 | INFO | robo_diario_oficial | Robo Diario Oficial finalizado com sucesso.
2026-07-14 13:31:28,809 | INFO | robo_diario_oficial | Configuracoes carregadas com sucesso.
2026-07-14 13:31:28,811 | INFO | robo_diario_oficial | Robo Diario Oficial iniciado.
2026-07-14 13:31:28,811 | INFO | robo_diario_oficial | DATA_PESQUISA_DE e DATA_PESQUISA_ATE nao informadas. Usando data atual.
2026-07-14 13:31:28,811 | INFO | robo_diario_oficial | Total de datas a processar: 1
2026-07-14 13:31:28,811 | INFO | robo_diario_oficial | ============================================================
2026-07-14 13:31:28,811 | INFO | robo_diario_oficial | Processando data: 2026-07-14
2026-07-14 13:31:28,811 | INFO | robo_diario_oficial | ============================================================
2026-07-14 13:31:28,811 | INFO | robo_diario_oficial | Iniciando download do Diario Oficial.
2026-07-14 13:31:28,811 | INFO | robo_diario_oficial | URL: https://diariooficial.piracicaba.sp.gov.br/2026/07/14/
2026-07-14 13:31:28,811 | INFO | robo_diario_oficial | Arquivo destino: storage/pdfs\diario_oficial_2026_07_14.pdf
2026-07-14 13:31:31,931 | INFO | robo_diario_oficial | Status HTTP: 200
2026-07-14 13:31:31,967 | ERROR | robo_diario_oficial | Erro ao processar data 2026-07-14: Arquivo baixado nao parece ser um PDF valido. Assinatura encontrada: b'\r\n\r\n '
Traceback (most recent call last):
  File "D:\robo_diario_oficial\main.py", line 180, in main
    resultado = executar_download(data, logger)
                ^^^^^^^^^^^^^^^^^^^^^^^^^^^^^^^
  File "D:\robo_diario_oficial\main.py", line 73, in executar_download
    caminho_pdf, url_download = baixar_pdf_diario(
                                ^^^^^^^^^^^^^^^^^^
  File "D:\robo_diario_oficial\app\baixar_pdf.py", line 116, in baixar_pdf_diario
    validar_pdf(caminho_arquivo)
  File "D:\robo_diario_oficial\app\baixar_pdf.py", line 38, in validar_pdf
    raise RuntimeError(
RuntimeError: Arquivo baixado nao parece ser um PDF valido. Assinatura encontrada: b'\r\n\r\n '
2026-07-14 13:31:31,971 | INFO | robo_diario_oficial | Processamento concluido. Datas processadas: 0 | Erros: 1
2026-07-14 13:31:31,971 | INFO | robo_diario_oficial | Nenhum resultado encontrado para os termos configurados.
2026-07-14 13:31:31,971 | INFO | robo_diario_oficial | Resumo dos artefatos: {'datas_processadas': 0, 'datas_com_erro': 1, 'total_resultados_pesquisa': 0, 'email_enviado': False}
2026-07-14 13:31:31,971 | INFO | robo_diario_oficial | Robo Diario Oficial finalizado com sucesso.
2026-07-14 13:35:11,129 | INFO | robo_diario_oficial | Configuracoes carregadas com sucesso.
2026-07-14 13:35:11,129 | INFO | robo_diario_oficial | Robo Diario Oficial iniciado.
2026-07-14 13:35:11,129 | INFO | robo_diario_oficial | DATA_PESQUISA_DE e DATA_PESQUISA_ATE nao informadas. Usando data atual.
2026-07-14 13:35:11,129 | INFO | robo_diario_oficial | Total de datas a processar: 1
2026-07-14 13:35:11,129 | INFO | robo_diario_oficial | ============================================================
2026-07-14 13:35:11,129 | INFO | robo_diario_oficial | Processando data: 2026-07-14
2026-07-14 13:35:11,129 | INFO | robo_diario_oficial | ============================================================
2026-07-14 13:35:11,129 | INFO | robo_diario_oficial | Iniciando download do Diario Oficial.
2026-07-14 13:35:11,129 | INFO | robo_diario_oficial | URL: https://diariooficial.piracicaba.sp.gov.br/download/2026/07/14
2026-07-14 13:35:11,129 | INFO | robo_diario_oficial | Arquivo destino: storage/pdfs\diario_oficial_2026_07_14.pdf
2026-07-14 13:35:14,746 | INFO | robo_diario_oficial | Status HTTP: 200
2026-07-14 13:35:14,795 | ERROR | robo_diario_oficial | Erro ao processar data 2026-07-14: Arquivo baixado nao parece ser um PDF valido. Assinatura encontrada: b'\r\n\r\n '
Traceback (most recent call last):
  File "D:\robo_diario_oficial\main.py", line 180, in main
    resultado = executar_download(data, logger)
                ^^^^^^^^^^^^^^^^^^^^^^^^^^^^^^^
  File "D:\robo_diario_oficial\main.py", line 73, in executar_download
    caminho_pdf, url_download = baixar_pdf_diario(
                                ^^^^^^^^^^^^^^^^^^
  File "D:\robo_diario_oficial\app\baixar_pdf.py", line 116, in baixar_pdf_diario
    validar_pdf(caminho_arquivo)
  File "D:\robo_diario_oficial\app\baixar_pdf.py", line 38, in validar_pdf
    raise RuntimeError(
RuntimeError: Arquivo baixado nao parece ser um PDF valido. Assinatura encontrada: b'\r\n\r\n '
2026-07-14 13:35:14,795 | INFO | robo_diario_oficial | Processamento concluido. Datas processadas: 0 | Erros: 1
2026-07-14 13:35:14,795 | INFO | robo_diario_oficial | Nenhum resultado encontrado para os termos configurados.
2026-07-14 13:35:14,795 | INFO | robo_diario_oficial | Resumo dos artefatos: {'datas_processadas': 0, 'datas_com_erro': 1, 'total_resultados_pesquisa': 0, 'email_enviado': False}
2026-07-14 13:35:14,795 | INFO | robo_diario_oficial | Robo Diario Oficial finalizado com sucesso.
2026-07-14 13:48:57,992 | INFO | robo_diario_oficial | Configuracoes carregadas com sucesso.
2026-07-14 13:48:57,992 | INFO | robo_diario_oficial | Robo Diario Oficial iniciado.
2026-07-14 13:48:57,992 | INFO | robo_diario_oficial | DATA_PESQUISA_DE e DATA_PESQUISA_ATE nao informadas. Usando data atual.
2026-07-14 13:48:57,997 | INFO | robo_diario_oficial | Total de datas a processar: 1
2026-07-14 13:48:57,997 | INFO | robo_diario_oficial | ============================================================
2026-07-14 13:48:57,997 | INFO | robo_diario_oficial | Processando data: 2026-07-14
2026-07-14 13:48:57,997 | INFO | robo_diario_oficial | ============================================================
2026-07-14 13:48:57,997 | INFO | robo_diario_oficial | Iniciando download do Diario Oficial.
2026-07-14 13:48:57,997 | INFO | robo_diario_oficial | URL: https://diariooficial.piracicaba.sp.gov.br/download/2026/07/14
2026-07-14 13:48:57,997 | INFO | robo_diario_oficial | Arquivo destino: storage/pdfs\diario_oficial_2026_07_14.pdf
2026-07-14 13:49:01,518 | INFO | robo_diario_oficial | Status HTTP: 200
2026-07-14 13:49:01,559 | ERROR | robo_diario_oficial | Erro ao processar data 2026-07-14: Arquivo baixado nao parece ser um PDF valido. Assinatura encontrada: b'\r\n\r\n '
Traceback (most recent call last):
  File "D:\robo_diario_oficial\main.py", line 180, in main
    resultado = executar_download(data, logger)
                ^^^^^^^^^^^^^^^^^^^^^^^^^^^^^^^
  File "D:\robo_diario_oficial\main.py", line 73, in executar_download
    caminho_pdf, url_download = baixar_pdf_diario(
                                ^^^^^^^^^^^^^^^^^^
  File "D:\robo_diario_oficial\app\baixar_pdf.py", line 116, in baixar_pdf_diario
    validar_pdf(caminho_arquivo)
  File "D:\robo_diario_oficial\app\baixar_pdf.py", line 38, in validar_pdf
    raise RuntimeError(
RuntimeError: Arquivo baixado nao parece ser um PDF valido. Assinatura encontrada: b'\r\n\r\n '
2026-07-14 13:49:01,559 | INFO | robo_diario_oficial | Processamento concluido. Datas processadas: 0 | Erros: 1
2026-07-14 13:49:01,559 | INFO | robo_diario_oficial | Nenhum resultado encontrado para os termos configurados.
2026-07-14 13:49:01,559 | INFO | robo_diario_oficial | Resumo dos artefatos: {'datas_processadas': 0, 'datas_com_erro': 1, 'total_resultados_pesquisa': 0, 'email_enviado': False}
2026-07-14 13:49:01,559 | INFO | robo_diario_oficial | Robo Diario Oficial finalizado com sucesso.
2026-07-14 14:21:03,836 | INFO | robo_diario_oficial | Iniciando download do Diario Oficial.
2026-07-14 14:21:03,838 | INFO | robo_diario_oficial | Arquivo destino: storage/pdfs\diario_oficial_2026_07_14.pdf
2026-07-14 14:21:03,838 | INFO | robo_diario_oficial | Arquivo ja existe. Download ignorado: storage/pdfs\diario_oficial_2026_07_14.pdf
2026-07-14 14:21:03,838 | WARNING | robo_diario_oficial | Arquivo existente invalido sera removido para novo download: storage/pdfs\diario_oficial_2026_07_14.pdf | Motivo: Arquivo baixado nao parece ser um PDF valido. Assinatura encontrada: b'\r\n\r\n '
2026-07-14 14:21:03,838 | INFO | robo_diario_oficial | Consultando pagina oficial do mes: https://diariooficial.piracicaba.sp.gov.br/2026/07/
2026-07-14 14:21:04,898 | INFO | robo_diario_oficial | Status HTTP da pagina oficial: 200 | Content-Type: text/html; charset=UTF-8
2026-07-14 14:21:04,898 | INFO | robo_diario_oficial | Diario Oficial nao publicado para 2026-07-14 na pagina oficial.
2026-07-14 14:21:11,797 | INFO | robo_diario_oficial | Iniciando download do Diario Oficial.
2026-07-14 14:21:11,797 | INFO | robo_diario_oficial | Arquivo destino: storage/pdfs\diario_oficial_2026_07_13.pdf
2026-07-14 14:21:11,797 | INFO | robo_diario_oficial | Consultando pagina oficial do mes: https://diariooficial.piracicaba.sp.gov.br/2026/07/
2026-07-14 14:21:13,146 | INFO | robo_diario_oficial | Status HTTP da pagina oficial: 200 | Content-Type: text/html; charset=UTF-8
2026-07-14 14:21:13,146 | INFO | robo_diario_oficial | URL do PDF publicada: https://files.pmp.sp.gov.br/semad/diariooficial/2026/07/20260713.pdf
2026-07-14 14:21:13,307 | INFO | robo_diario_oficial | Status HTTP: 200
2026-07-14 14:21:13,322 | INFO | robo_diario_oficial | Content-Type: application/pdf | URL final: https://files.pmp.sp.gov.br/semad/diariooficial/2026/07/20260713.pdf
2026-07-14 14:21:13,791 | INFO | robo_diario_oficial | Download concluido com sucesso: storage/pdfs\diario_oficial_2026_07_13.pdf
2026-07-14 14:23:29,078 | INFO | robo_diario_oficial | Configuracoes carregadas com sucesso.
2026-07-14 14:23:29,079 | INFO | robo_diario_oficial | Robo Diario Oficial iniciado.
2026-07-14 14:23:29,079 | INFO | robo_diario_oficial | DATA_PESQUISA_DE e DATA_PESQUISA_ATE nao informadas. Usando data atual.
2026-07-14 14:23:29,079 | INFO | robo_diario_oficial | Total de datas a processar: 1
2026-07-14 14:23:29,079 | INFO | robo_diario_oficial | ============================================================
2026-07-14 14:23:29,079 | INFO | robo_diario_oficial | Processando data: 2026-07-14
2026-07-14 14:23:29,079 | INFO | robo_diario_oficial | ============================================================
2026-07-14 14:23:29,079 | INFO | robo_diario_oficial | Iniciando download do Diario Oficial.
2026-07-14 14:23:29,079 | INFO | robo_diario_oficial | Arquivo destino: storage/pdfs\diario_oficial_2026_07_14.pdf
2026-07-14 14:23:29,079 | INFO | robo_diario_oficial | Consultando pagina oficial do mes: https://diariooficial.piracicaba.sp.gov.br/2026/07/
2026-07-14 14:23:29,822 | INFO | robo_diario_oficial | Status HTTP da pagina oficial: 200 | Content-Type: text/html; charset=UTF-8
2026-07-14 14:23:29,824 | INFO | robo_diario_oficial | Diario Oficial nao publicado para 2026-07-14 na pagina oficial.
2026-07-14 14:23:29,826 | INFO | robo_diario_oficial | Nenhum PDF disponivel para 2026-07-14. Pulando.
2026-07-14 14:23:29,826 | INFO | robo_diario_oficial | Processamento concluido. Datas processadas: 0 | Erros: 0
2026-07-14 14:23:29,826 | INFO | robo_diario_oficial | Nenhum resultado encontrado para os termos configurados.
2026-07-14 14:23:29,826 | INFO | robo_diario_oficial | Resumo dos artefatos: {'datas_processadas': 0, 'datas_com_erro': 0, 'total_resultados_pesquisa': 0, 'email_enviado': False}
2026-07-14 14:23:29,826 | INFO | robo_diario_oficial | Robo Diario Oficial finalizado com sucesso.
2026-07-14 14:24:21,618 | INFO | robo_diario_oficial | Configuracoes carregadas com sucesso.
2026-07-14 14:24:21,618 | INFO | robo_diario_oficial | Robo Diario Oficial iniciado.
2026-07-14 14:24:21,618 | INFO | robo_diario_oficial | Range de datas: 2026-07-13 a 2026-07-13 (1 dia(s))
2026-07-14 14:24:21,618 | INFO | robo_diario_oficial | Total de datas a processar: 1
2026-07-14 14:24:21,618 | INFO | robo_diario_oficial | ============================================================
2026-07-14 14:24:21,618 | INFO | robo_diario_oficial | Processando data: 2026-07-13
2026-07-14 14:24:21,618 | INFO | robo_diario_oficial | ============================================================
2026-07-14 14:24:21,618 | INFO | robo_diario_oficial | Iniciando download do Diario Oficial.
2026-07-14 14:24:21,618 | INFO | robo_diario_oficial | Arquivo destino: storage/pdfs\diario_oficial_2026_07_13.pdf
2026-07-14 14:24:21,618 | INFO | robo_diario_oficial | Consultando pagina oficial do mes: https://diariooficial.piracicaba.sp.gov.br/2026/07/
2026-07-14 14:24:22,509 | INFO | robo_diario_oficial | Status HTTP da pagina oficial: 200 | Content-Type: text/html; charset=UTF-8
2026-07-14 14:24:22,512 | INFO | robo_diario_oficial | URL do PDF publicada: https://files.pmp.sp.gov.br/semad/diariooficial/2026/07/20260713.pdf
2026-07-14 14:24:22,690 | INFO | robo_diario_oficial | Status HTTP: 200
2026-07-14 14:24:22,696 | INFO | robo_diario_oficial | Content-Type: application/pdf | URL final: https://files.pmp.sp.gov.br/semad/diariooficial/2026/07/20260713.pdf
2026-07-14 14:24:22,846 | INFO | robo_diario_oficial | Download concluido com sucesso: storage/pdfs\diario_oficial_2026_07_13.pdf
2026-07-14 14:24:22,858 | INFO | robo_diario_oficial | PDF disponivel para processamento: storage/pdfs\diario_oficial_2026_07_13.pdf
2026-07-14 14:24:22,862 | INFO | robo_diario_oficial | Total de paginas identificado: 23
2026-07-14 14:24:22,880 | INFO | robo_diario_oficial | Iniciando extracao de texto do PDF.
2026-07-14 14:24:22,881 | INFO | robo_diario_oficial | Total de paginas: 23
2026-07-14 14:24:22,917 | INFO | robo_diario_oficial | Pagina 1 extraida com 7100 caracteres. Origem: extracao_texto. Possui imagens: True.
2026-07-14 14:24:22,917 | INFO | robo_diario_oficial | Pagina 2 extraida com 1506 caracteres. Origem: extracao_texto. Possui imagens: True.
2026-07-14 14:24:22,928 | INFO | robo_diario_oficial | Pagina 3 extraida com 6928 caracteres. Origem: extracao_texto. Possui imagens: False.
2026-07-14 14:24:22,931 | INFO | robo_diario_oficial | Pagina 4 extraida com 353 caracteres. Origem: extracao_texto. Possui imagens: True.
2026-07-14 14:24:22,935 | INFO | robo_diario_oficial | Pagina 5 extraida com 5204 caracteres. Origem: extracao_texto. Possui imagens: True.
2026-07-14 14:24:22,942 | INFO | robo_diario_oficial | Pagina 6 extraida com 3036 caracteres. Origem: extracao_texto. Possui imagens: True.
2026-07-14 14:24:22,946 | INFO | robo_diario_oficial | Pagina 7 extraida com 3242 caracteres. Origem: extracao_texto. Possui imagens: True.
2026-07-14 14:24:22,946 | INFO | robo_diario_oficial | Pagina 8 extraida com 1231 caracteres. Origem: extracao_texto. Possui imagens: True.
2026-07-14 14:24:22,948 | INFO | robo_diario_oficial | Pagina 9 extraida com 2655 caracteres. Origem: extracao_texto. Possui imagens: False.
2026-07-14 14:24:22,950 | INFO | robo_diario_oficial | Pagina 10 extraida com 572 caracteres. Origem: extracao_texto. Possui imagens: False.
2026-07-14 14:24:22,950 | INFO | robo_diario_oficial | Pagina 11 extraida com 2318 caracteres. Origem: extracao_texto. Possui imagens: False.
2026-07-14 14:24:22,956 | INFO | robo_diario_oficial | Pagina 12 extraida com 2234 caracteres. Origem: extracao_texto. Possui imagens: False.
2026-07-14 14:24:22,958 | INFO | robo_diario_oficial | Pagina 13 extraida com 1303 caracteres. Origem: extracao_texto. Possui imagens: False.
2026-07-14 14:24:22,960 | INFO | robo_diario_oficial | Pagina 14 extraida com 1862 caracteres. Origem: extracao_texto. Possui imagens: True.
2026-07-14 14:24:22,966 | INFO | robo_diario_oficial | Pagina 15 extraida com 6123 caracteres. Origem: extracao_texto. Possui imagens: False.
2026-07-14 14:24:22,971 | INFO | robo_diario_oficial | Pagina 16 extraida com 4748 caracteres. Origem: extracao_texto. Possui imagens: False.
2026-07-14 14:24:22,971 | INFO | robo_diario_oficial | Pagina 17 extraida com 604 caracteres. Origem: extracao_texto. Possui imagens: False.
2026-07-14 14:24:22,978 | INFO | robo_diario_oficial | Pagina 18 extraida com 9383 caracteres. Origem: extracao_texto. Possui imagens: False.
2026-07-14 14:24:22,982 | INFO | robo_diario_oficial | Pagina 19 extraida com 9340 caracteres. Origem: extracao_texto. Possui imagens: False.
2026-07-14 14:24:23,039 | INFO | robo_diario_oficial | Pagina 20 extraida com 3732 caracteres. Origem: extracao_texto. Possui imagens: True.
2026-07-14 14:24:23,043 | INFO | robo_diario_oficial | Pagina 21 extraida com 8158 caracteres. Origem: extracao_texto. Possui imagens: False.
2026-07-14 14:24:23,047 | INFO | robo_diario_oficial | Pagina 22 extraida com 7547 caracteres. Origem: extracao_texto. Possui imagens: False.
2026-07-14 14:24:23,049 | INFO | robo_diario_oficial | Pagina 23 extraida com 3598 caracteres. Origem: extracao_texto. Possui imagens: False.
2026-07-14 14:24:23,052 | INFO | robo_diario_oficial | Extracao de texto finalizada.
2026-07-14 14:24:23,052 | INFO | robo_diario_oficial | Paginas com texto extraido: 23 de 23
2026-07-14 14:24:23,101 | INFO | robo_diario_oficial | Arquivo bruto salvo em: storage/resultados\diario_oficial_2026_07_13_01_bruto.txt
2026-07-14 14:24:23,101 | INFO | robo_diario_oficial | Documento JSON salvo em: storage/resultados\diario_oficial_2026_07_13_02_documento.json
2026-07-14 14:24:23,101 | INFO | robo_diario_oficial | Artefatos gerados - bruto: storage/resultados\diario_oficial_2026_07_13_01_bruto.txt | documento: storage/resultados\diario_oficial_2026_07_13_02_documento.json
2026-07-14 14:24:23,124 | INFO | robo_diario_oficial | Resultados encontrados para 2026-07-13: 0
2026-07-14 14:24:23,125 | INFO | robo_diario_oficial | Processamento concluido. Datas processadas: 1 | Erros: 0
2026-07-14 14:24:23,125 | INFO | robo_diario_oficial | Nenhum resultado encontrado para os termos configurados.
2026-07-14 14:24:23,125 | INFO | robo_diario_oficial | Resumo dos artefatos: {'datas_processadas': 1, 'datas_com_erro': 0, 'total_resultados_pesquisa': 0, 'email_enviado': False}
2026-07-14 14:24:23,125 | INFO | robo_diario_oficial | Robo Diario Oficial finalizado com sucesso.
2026-07-14 14:25:23,200 | INFO | robo_diario_oficial | Configuracoes carregadas com sucesso.
2026-07-14 14:25:23,200 | INFO | robo_diario_oficial | Robo Diario Oficial iniciado.
2026-07-14 14:25:23,201 | INFO | robo_diario_oficial | Range de datas: 2026-07-13 a 2026-07-13 (1 dia(s))
2026-07-14 14:25:23,201 | INFO | robo_diario_oficial | Total de datas a processar: 1
2026-07-14 14:25:23,201 | INFO | robo_diario_oficial | ============================================================
2026-07-14 14:25:23,201 | INFO | robo_diario_oficial | Processando data: 2026-07-13
2026-07-14 14:25:23,202 | INFO | robo_diario_oficial | ============================================================
2026-07-14 14:25:23,202 | INFO | robo_diario_oficial | Iniciando download do Diario Oficial.
2026-07-14 14:25:23,202 | INFO | robo_diario_oficial | Arquivo destino: storage/pdfs\diario_oficial_2026_07_13.pdf
2026-07-14 14:25:23,202 | INFO | robo_diario_oficial | Arquivo ja existe. Download ignorado: storage/pdfs\diario_oficial_2026_07_13.pdf
2026-07-14 14:25:23,203 | INFO | robo_diario_oficial | Arquivo existente validado: storage/pdfs\diario_oficial_2026_07_13.pdf
2026-07-14 14:25:23,203 | INFO | robo_diario_oficial | PDF disponivel para processamento: storage/pdfs\diario_oficial_2026_07_13.pdf
2026-07-14 14:25:23,206 | INFO | robo_diario_oficial | Total de paginas identificado: 23
2026-07-14 14:25:23,208 | INFO | robo_diario_oficial | Iniciando extracao de texto do PDF.
2026-07-14 14:25:23,209 | INFO | robo_diario_oficial | Total de paginas: 23
2026-07-14 14:25:23,233 | INFO | robo_diario_oficial | Pagina 1 extraida com 7100 caracteres. Origem: extracao_texto. Possui imagens: True.
2026-07-14 14:25:23,238 | INFO | robo_diario_oficial | Pagina 2 extraida com 1506 caracteres. Origem: extracao_texto. Possui imagens: True.
2026-07-14 14:25:23,242 | INFO | robo_diario_oficial | Pagina 3 extraida com 6928 caracteres. Origem: extracao_texto. Possui imagens: False.
2026-07-14 14:25:23,246 | INFO | robo_diario_oficial | Pagina 4 extraida com 353 caracteres. Origem: extracao_texto. Possui imagens: True.
2026-07-14 14:25:23,251 | INFO | robo_diario_oficial | Pagina 5 extraida com 5204 caracteres. Origem: extracao_texto. Possui imagens: True.
2026-07-14 14:25:23,256 | INFO | robo_diario_oficial | Pagina 6 extraida com 3036 caracteres. Origem: extracao_texto. Possui imagens: True.
2026-07-14 14:25:23,260 | INFO | robo_diario_oficial | Pagina 7 extraida com 3242 caracteres. Origem: extracao_texto. Possui imagens: True.
2026-07-14 14:25:23,261 | INFO | robo_diario_oficial | Pagina 8 extraida com 1231 caracteres. Origem: extracao_texto. Possui imagens: True.
2026-07-14 14:25:23,262 | INFO | robo_diario_oficial | Pagina 9 extraida com 2655 caracteres. Origem: extracao_texto. Possui imagens: False.
2026-07-14 14:25:23,264 | INFO | robo_diario_oficial | Pagina 10 extraida com 572 caracteres. Origem: extracao_texto. Possui imagens: False.
2026-07-14 14:25:23,268 | INFO | robo_diario_oficial | Pagina 11 extraida com 2318 caracteres. Origem: extracao_texto. Possui imagens: False.
2026-07-14 14:25:23,268 | INFO | robo_diario_oficial | Pagina 12 extraida com 2234 caracteres. Origem: extracao_texto. Possui imagens: False.
2026-07-14 14:25:23,268 | INFO | robo_diario_oficial | Pagina 13 extraida com 1303 caracteres. Origem: extracao_texto. Possui imagens: False.
2026-07-14 14:25:23,275 | INFO | robo_diario_oficial | Pagina 14 extraida com 1862 caracteres. Origem: extracao_texto. Possui imagens: True.
2026-07-14 14:25:23,280 | INFO | robo_diario_oficial | Pagina 15 extraida com 6123 caracteres. Origem: extracao_texto. Possui imagens: False.
2026-07-14 14:25:23,286 | INFO | robo_diario_oficial | Pagina 16 extraida com 4748 caracteres. Origem: extracao_texto. Possui imagens: False.
2026-07-14 14:25:23,288 | INFO | robo_diario_oficial | Pagina 17 extraida com 604 caracteres. Origem: extracao_texto. Possui imagens: False.
2026-07-14 14:25:23,290 | INFO | robo_diario_oficial | Pagina 18 extraida com 9383 caracteres. Origem: extracao_texto. Possui imagens: False.
2026-07-14 14:25:23,296 | INFO | robo_diario_oficial | Pagina 19 extraida com 9340 caracteres. Origem: extracao_texto. Possui imagens: False.
2026-07-14 14:25:23,351 | INFO | robo_diario_oficial | Pagina 20 extraida com 3732 caracteres. Origem: extracao_texto. Possui imagens: True.
2026-07-14 14:25:23,351 | INFO | robo_diario_oficial | Pagina 21 extraida com 8158 caracteres. Origem: extracao_texto. Possui imagens: False.
2026-07-14 14:25:23,361 | INFO | robo_diario_oficial | Pagina 22 extraida com 7547 caracteres. Origem: extracao_texto. Possui imagens: False.
2026-07-14 14:25:23,362 | INFO | robo_diario_oficial | Pagina 23 extraida com 3598 caracteres. Origem: extracao_texto. Possui imagens: False.
2026-07-14 14:25:23,365 | INFO | robo_diario_oficial | Extracao de texto finalizada.
2026-07-14 14:25:23,365 | INFO | robo_diario_oficial | Paginas com texto extraido: 23 de 23
2026-07-14 14:25:23,418 | INFO | robo_diario_oficial | Arquivo bruto salvo em: storage/resultados\diario_oficial_2026_07_13_01_bruto.txt
2026-07-14 14:25:23,418 | INFO | robo_diario_oficial | Documento JSON salvo em: storage/resultados\diario_oficial_2026_07_13_02_documento.json
2026-07-14 14:25:23,418 | INFO | robo_diario_oficial | Artefatos gerados - bruto: storage/resultados\diario_oficial_2026_07_13_01_bruto.txt | documento: storage/resultados\diario_oficial_2026_07_13_02_documento.json
2026-07-14 14:25:23,436 | INFO | robo_diario_oficial | Resultados encontrados para 2026-07-13: 2
2026-07-14 14:25:23,437 | INFO | robo_diario_oficial | Processamento concluido. Datas processadas: 1 | Erros: 0
2026-07-14 14:25:23,438 | INFO | robo_diario_oficial | Resultado da pesquisa salvo em: storage/resultados\resultado_pesquisa_20260714.json
2026-07-14 14:25:27,074 | INFO | robo_diario_oficial | E-mail de alerta enviado para: ['josemar.mariano@fealq.com.br']
2026-07-14 14:25:27,076 | INFO | robo_diario_oficial | Resumo dos artefatos: {'datas_processadas': 1, 'datas_com_erro': 0, 'total_resultados_pesquisa': 2, 'pesquisa': 'storage/resultados\\resultado_pesquisa_20260714.json', 'email_enviado': True}
2026-07-14 14:25:27,079 | INFO | robo_diario_oficial | Robo Diario Oficial finalizado com sucesso.
2026-07-14 14:27:11,903 | INFO | robo_diario_oficial | Configuracoes carregadas com sucesso.
2026-07-14 14:27:11,903 | INFO | robo_diario_oficial | Robo Diario Oficial iniciado.
2026-07-14 14:27:11,903 | INFO | robo_diario_oficial | Range de datas: 2026-07-01 a 2026-07-14 (14 dia(s))
2026-07-14 14:27:11,903 | INFO | robo_diario_oficial | Total de datas a processar: 14
2026-07-14 14:27:11,903 | INFO | robo_diario_oficial | ============================================================
2026-07-14 14:27:11,903 | INFO | robo_diario_oficial | Processando data: 2026-07-01
2026-07-14 14:27:11,903 | INFO | robo_diario_oficial | ============================================================
2026-07-14 14:27:11,903 | INFO | robo_diario_oficial | Iniciando download do Diario Oficial.
2026-07-14 14:27:11,903 | INFO | robo_diario_oficial | Arquivo destino: storage/pdfs\diario_oficial_2026_07_01.pdf
2026-07-14 14:27:11,903 | INFO | robo_diario_oficial | Consultando pagina oficial do mes: https://diariooficial.piracicaba.sp.gov.br/2026/07/
2026-07-14 14:27:12,611 | INFO | robo_diario_oficial | Status HTTP da pagina oficial: 200 | Content-Type: text/html; charset=UTF-8
2026-07-14 14:27:12,614 | INFO | robo_diario_oficial | URL do PDF publicada: https://files.pmp.sp.gov.br/semad/diariooficial/2026/07/20260701.pdf
2026-07-14 14:27:12,770 | INFO | robo_diario_oficial | Status HTTP: 200
2026-07-14 14:27:12,770 | INFO | robo_diario_oficial | Content-Type: application/pdf | URL final: https://files.pmp.sp.gov.br/semad/diariooficial/2026/07/20260701.pdf
2026-07-14 14:27:13,205 | INFO | robo_diario_oficial | Download concluido com sucesso: storage/pdfs\diario_oficial_2026_07_01.pdf
2026-07-14 14:27:13,205 | INFO | robo_diario_oficial | PDF disponivel para processamento: storage/pdfs\diario_oficial_2026_07_01.pdf
2026-07-14 14:27:13,227 | INFO | robo_diario_oficial | Total de paginas identificado: 162
2026-07-14 14:27:13,237 | INFO | robo_diario_oficial | Iniciando extracao de texto do PDF.
2026-07-14 14:27:13,237 | INFO | robo_diario_oficial | Total de paginas: 162
2026-07-14 14:27:13,257 | INFO | robo_diario_oficial | Pagina 1 extraida com 4504 caracteres. Origem: extracao_texto. Possui imagens: True.
2026-07-14 14:27:13,267 | INFO | robo_diario_oficial | Pagina 2 extraida com 3292 caracteres. Origem: extracao_texto. Possui imagens: True.
2026-07-14 14:27:13,269 | INFO | robo_diario_oficial | Pagina 3 extraida com 2267 caracteres. Origem: extracao_texto. Possui imagens: True.
2026-07-14 14:27:13,272 | INFO | robo_diario_oficial | Pagina 4 extraida com 595 caracteres. Origem: extracao_texto. Possui imagens: True.
2026-07-14 14:27:13,273 | INFO | robo_diario_oficial | Pagina 5 extraida com 2593 caracteres. Origem: extracao_texto. Possui imagens: True.
2026-07-14 14:27:13,285 | INFO | robo_diario_oficial | Pagina 6 extraida com 2566 caracteres. Origem: extracao_texto. Possui imagens: True.
2026-07-14 14:27:13,287 | INFO | robo_diario_oficial | Pagina 7 extraida com 1303 caracteres. Origem: extracao_texto. Possui imagens: True.
2026-07-14 14:27:13,290 | INFO | robo_diario_oficial | Pagina 8 extraida com 3694 caracteres. Origem: extracao_texto. Possui imagens: True.
2026-07-14 14:27:13,295 | INFO | robo_diario_oficial | Pagina 9 extraida com 2590 caracteres. Origem: extracao_texto. Possui imagens: False.
2026-07-14 14:27:13,297 | INFO | robo_diario_oficial | Pagina 10 extraida com 1258 caracteres. Origem: extracao_texto. Possui imagens: False.
2026-07-14 14:27:13,298 | INFO | robo_diario_oficial | Pagina 11 extraida com 624 caracteres. Origem: extracao_texto. Possui imagens: False.
2026-07-14 14:27:13,303 | INFO | robo_diario_oficial | Pagina 12 extraida com 3647 caracteres. Origem: extracao_texto. Possui imagens: False.
2026-07-14 14:27:13,309 | INFO | robo_diario_oficial | Pagina 13 extraida com 4009 caracteres. Origem: extracao_texto. Possui imagens: False.
2026-07-14 14:27:13,314 | INFO | robo_diario_oficial | Pagina 14 extraida com 3993 caracteres. Origem: extracao_texto. Possui imagens: False.
2026-07-14 14:27:13,314 | INFO | robo_diario_oficial | Pagina 15 extraida com 3936 caracteres. Origem: extracao_texto. Possui imagens: False.
2026-07-14 14:27:13,320 | INFO | robo_diario_oficial | Pagina 16 extraida com 2239 caracteres. Origem: extracao_texto. Possui imagens: False.
2026-07-14 14:27:13,321 | INFO | robo_diario_oficial | Pagina 17 extraida com 1276 caracteres. Origem: extracao_texto. Possui imagens: True.
2026-07-14 14:27:13,325 | INFO | robo_diario_oficial | Pagina 18 extraida com 1259 caracteres. Origem: extracao_texto. Possui imagens: True.
2026-07-14 14:27:13,328 | INFO | robo_diario_oficial | Pagina 19 extraida com 2076 caracteres. Origem: extracao_texto. Possui imagens: True.
2026-07-14 14:27:13,332 | INFO | robo_diario_oficial | Pagina 20 extraida com 1276 caracteres. Origem: extracao_texto. Possui imagens: True.
2026-07-14 14:27:13,335 | INFO | robo_diario_oficial | Pagina 21 extraida com 1476 caracteres. Origem: extracao_texto. Possui imagens: True.
2026-07-14 14:27:13,336 | INFO | robo_diario_oficial | Pagina 22 extraida com 1283 caracteres. Origem: extracao_texto. Possui imagens: True.
2026-07-14 14:27:13,341 | INFO | robo_diario_oficial | Pagina 23 extraida com 3321 caracteres. Origem: extracao_texto. Possui imagens: True.
2026-07-14 14:27:13,346 | INFO | robo_diario_oficial | Pagina 24 extraida com 3355 caracteres. Origem: extracao_texto. Possui imagens: True.
2026-07-14 14:27:13,349 | INFO | robo_diario_oficial | Pagina 25 extraida com 3541 caracteres. Origem: extracao_texto. Possui imagens: True.
2026-07-14 14:27:13,353 | INFO | robo_diario_oficial | Pagina 26 extraida com 2507 caracteres. Origem: extracao_texto. Possui imagens: True.
2026-07-14 14:27:13,360 | INFO | robo_diario_oficial | Pagina 27 extraida com 1764 caracteres. Origem: extracao_texto. Possui imagens: True.
2026-07-14 14:27:13,362 | INFO | robo_diario_oficial | Pagina 28 extraida com 1475 caracteres. Origem: extracao_texto. Possui imagens: True.
2026-07-14 14:27:13,364 | INFO | robo_diario_oficial | Pagina 29 extraida com 3283 caracteres. Origem: extracao_texto. Possui imagens: True.
2026-07-14 14:27:13,370 | INFO | robo_diario_oficial | Pagina 30 extraida com 3342 caracteres. Origem: extracao_texto. Possui imagens: True.
2026-07-14 14:27:13,373 | INFO | robo_diario_oficial | Pagina 31 extraida com 3528 caracteres. Origem: extracao_texto. Possui imagens: True.
2026-07-14 14:27:13,376 | INFO | robo_diario_oficial | Pagina 32 extraida com 2310 caracteres. Origem: extracao_texto. Possui imagens: True.
2026-07-14 14:27:13,379 | INFO | robo_diario_oficial | Pagina 33 extraida com 1685 caracteres. Origem: extracao_texto. Possui imagens: True.
2026-07-14 14:27:13,380 | INFO | robo_diario_oficial | Pagina 34 extraida com 1442 caracteres. Origem: extracao_texto. Possui imagens: True.
2026-07-14 14:27:13,385 | INFO | robo_diario_oficial | Pagina 35 extraida com 3289 caracteres. Origem: extracao_texto. Possui imagens: True.
2026-07-14 14:27:13,389 | INFO | robo_diario_oficial | Pagina 36 extraida com 3338 caracteres. Origem: extracao_texto. Possui imagens: True.
2026-07-14 14:27:13,392 | INFO | robo_diario_oficial | Pagina 37 extraida com 3524 caracteres. Origem: extracao_texto. Possui imagens: True.
2026-07-14 14:27:13,395 | INFO | robo_diario_oficial | Pagina 38 extraida com 2434 caracteres. Origem: extracao_texto. Possui imagens: True.
2026-07-14 14:27:13,400 | INFO | robo_diario_oficial | Pagina 39 extraida com 1836 caracteres. Origem: extracao_texto. Possui imagens: True.
2026-07-14 14:27:13,401 | INFO | robo_diario_oficial | Pagina 40 extraida com 1462 caracteres. Origem: extracao_texto. Possui imagens: True.
2026-07-14 14:27:13,404 | INFO | robo_diario_oficial | Pagina 41 extraida com 2510 caracteres. Origem: extracao_texto. Possui imagens: True.
2026-07-14 14:27:13,406 | INFO | robo_diario_oficial | Pagina 42 extraida com 3802 caracteres. Origem: extracao_texto. Possui imagens: True.
2026-07-14 14:27:13,410 | INFO | robo_diario_oficial | Pagina 43 extraida com 904 caracteres. Origem: extracao_texto. Possui imagens: True.
2026-07-14 14:27:13,413 | INFO | robo_diario_oficial | Pagina 44 extraida com 5286 caracteres. Origem: extracao_texto. Possui imagens: False.
2026-07-14 14:27:13,415 | INFO | robo_diario_oficial | Pagina 45 extraida com 1250 caracteres. Origem: extracao_texto. Possui imagens: True.
2026-07-14 14:27:13,417 | INFO | robo_diario_oficial | Pagina 46 extraida com 3313 caracteres. Origem: extracao_texto. Possui imagens: True.
2026-07-14 14:27:13,420 | INFO | robo_diario_oficial | Pagina 47 extraida com 1069 caracteres. Origem: extracao_texto. Possui imagens: True.
2026-07-14 14:27:13,423 | INFO | robo_diario_oficial | Pagina 48 extraida com 1039 caracteres. Origem: extracao_texto. Possui imagens: True.
2026-07-14 14:27:13,427 | INFO | robo_diario_oficial | Pagina 49 extraida com 1482 caracteres. Origem: extracao_texto. Possui imagens: False.
2026-07-14 14:27:13,431 | INFO | robo_diario_oficial | Pagina 50 extraida com 1947 caracteres. Origem: extracao_texto. Possui imagens: True.
2026-07-14 14:27:13,431 | INFO | robo_diario_oficial | Pagina 51 extraida com 5120 caracteres. Origem: extracao_texto. Possui imagens: False.
2026-07-14 14:27:13,434 | INFO | robo_diario_oficial | Pagina 52 extraida com 5034 caracteres. Origem: extracao_texto. Possui imagens: False.
2026-07-14 14:27:13,436 | INFO | robo_diario_oficial | Pagina 53 extraida com 5285 caracteres. Origem: extracao_texto. Possui imagens: False.
2026-07-14 14:27:13,438 | INFO | robo_diario_oficial | Pagina 54 extraida com 4782 caracteres. Origem: extracao_texto. Possui imagens: False.
2026-07-14 14:27:13,440 | INFO | robo_diario_oficial | Pagina 55 extraida com 6571 caracteres. Origem: extracao_texto. Possui imagens: True.
2026-07-14 14:27:13,442 | INFO | robo_diario_oficial | Pagina 56 extraida com 3088 caracteres. Origem: extracao_texto. Possui imagens: True.
2026-07-14 14:27:13,444 | INFO | robo_diario_oficial | Pagina 57 extraida com 2867 caracteres. Origem: extracao_texto. Possui imagens: True.
2026-07-14 14:27:13,447 | INFO | robo_diario_oficial | Pagina 58 extraida com 7093 caracteres. Origem: extracao_texto. Possui imagens: True.
2026-07-14 14:27:13,448 | INFO | robo_diario_oficial | Pagina 59 extraida com 2215 caracteres. Origem: extracao_texto. Possui imagens: False.
2026-07-14 14:27:13,453 | INFO | robo_diario_oficial | Pagina 60 extraida com 1152 caracteres. Origem: extracao_texto. Possui imagens: False.
2026-07-14 14:27:13,457 | INFO | robo_diario_oficial | Pagina 61 extraida com 1261 caracteres. Origem: extracao_texto. Possui imagens: False.
2026-07-14 14:27:13,459 | INFO | robo_diario_oficial | Pagina 62 extraida com 1161 caracteres. Origem: extracao_texto. Possui imagens: False.
2026-07-14 14:27:13,461 | INFO | robo_diario_oficial | Pagina 63 extraida com 1148 caracteres. Origem: extracao_texto. Possui imagens: False.
2026-07-14 14:27:13,464 | INFO | robo_diario_oficial | Pagina 64 extraida com 1153 caracteres. Origem: extracao_texto. Possui imagens: False.
2026-07-14 14:27:13,465 | INFO | robo_diario_oficial | Pagina 65 extraida com 4699 caracteres. Origem: extracao_texto. Possui imagens: False.
2026-07-14 14:27:13,467 | INFO | robo_diario_oficial | Pagina 66 extraida com 5133 caracteres. Origem: extracao_texto. Possui imagens: True.
2026-07-14 14:27:13,469 | INFO | robo_diario_oficial | Pagina 67 extraida com 3608 caracteres. Origem: extracao_texto. Possui imagens: False.
2026-07-14 14:27:13,472 | INFO | robo_diario_oficial | Pagina 68 extraida com 2367 caracteres. Origem: extracao_texto. Possui imagens: False.
2026-07-14 14:27:13,475 | INFO | robo_diario_oficial | Pagina 69 extraida com 2397 caracteres. Origem: extracao_texto. Possui imagens: False.
2026-07-14 14:27:13,478 | INFO | robo_diario_oficial | Pagina 70 extraida com 1989 caracteres. Origem: extracao_texto. Possui imagens: False.
2026-07-14 14:27:13,479 | INFO | robo_diario_oficial | Pagina 71 extraida com 900 caracteres. Origem: extracao_texto. Possui imagens: False.
2026-07-14 14:27:13,486 | INFO | robo_diario_oficial | Pagina 72 extraida com 3697 caracteres. Origem: extracao_texto. Possui imagens: True.
2026-07-14 14:27:13,489 | INFO | robo_diario_oficial | Pagina 73 extraida com 2110 caracteres. Origem: extracao_texto. Possui imagens: True.
2026-07-14 14:27:13,495 | INFO | robo_diario_oficial | Pagina 74 extraida com 2727 caracteres. Origem: extracao_texto. Possui imagens: True.
2026-07-14 14:27:13,497 | INFO | robo_diario_oficial | Pagina 75 extraida com 1332 caracteres. Origem: extracao_texto. Possui imagens: True.
2026-07-14 14:27:13,503 | INFO | robo_diario_oficial | Pagina 76 extraida com 3680 caracteres. Origem: extracao_texto. Possui imagens: True.
2026-07-14 14:27:13,508 | INFO | robo_diario_oficial | Pagina 77 extraida com 3419 caracteres. Origem: extracao_texto. Possui imagens: True.
2026-07-14 14:27:13,511 | INFO | robo_diario_oficial | Pagina 78 extraida com 4112 caracteres. Origem: extracao_texto. Possui imagens: True.
2026-07-14 14:27:13,517 | INFO | robo_diario_oficial | Pagina 79 extraida com 3683 caracteres. Origem: extracao_texto. Possui imagens: True.
2026-07-14 14:27:13,522 | INFO | robo_diario_oficial | Pagina 80 extraida com 3595 caracteres. Origem: extracao_texto. Possui imagens: True.
2026-07-14 14:27:13,528 | INFO | robo_diario_oficial | Pagina 81 extraida com 4129 caracteres. Origem: extracao_texto. Possui imagens: True.
2026-07-14 14:27:13,529 | INFO | robo_diario_oficial | Pagina 82 extraida com 3535 caracteres. Origem: extracao_texto. Possui imagens: True.
2026-07-14 14:27:13,536 | INFO | robo_diario_oficial | Pagina 83 extraida com 3412 caracteres. Origem: extracao_texto. Possui imagens: True.
2026-07-14 14:27:13,541 | INFO | robo_diario_oficial | Pagina 84 extraida com 3353 caracteres. Origem: extracao_texto. Possui imagens: True.
2026-07-14 14:27:13,545 | INFO | robo_diario_oficial | Pagina 85 extraida com 3559 caracteres. Origem: extracao_texto. Possui imagens: True.
2026-07-14 14:27:13,550 | INFO | robo_diario_oficial | Pagina 86 extraida com 3867 caracteres. Origem: extracao_texto. Possui imagens: True.
2026-07-14 14:27:13,554 | INFO | robo_diario_oficial | Pagina 87 extraida com 3643 caracteres. Origem: extracao_texto. Possui imagens: True.
2026-07-14 14:27:13,559 | INFO | robo_diario_oficial | Pagina 88 extraida com 4100 caracteres. Origem: extracao_texto. Possui imagens: True.
2026-07-14 14:27:13,567 | INFO | robo_diario_oficial | Pagina 89 extraida com 3050 caracteres. Origem: extracao_texto. Possui imagens: True.
2026-07-14 14:27:13,571 | INFO | robo_diario_oficial | Pagina 90 extraida com 3249 caracteres. Origem: extracao_texto. Possui imagens: True.
2026-07-14 14:27:13,573 | INFO | robo_diario_oficial | Pagina 91 extraida com 3613 caracteres. Origem: extracao_texto. Possui imagens: True.
2026-07-14 14:27:13,581 | INFO | robo_diario_oficial | Pagina 92 extraida com 3244 caracteres. Origem: extracao_texto. Possui imagens: True.
2026-07-14 14:27:13,585 | INFO | robo_diario_oficial | Pagina 93 extraida com 3461 caracteres. Origem: extracao_texto. Possui imagens: True.
2026-07-14 14:27:13,589 | INFO | robo_diario_oficial | Pagina 94 extraida com 3374 caracteres. Origem: extracao_texto. Possui imagens: True.
2026-07-14 14:27:13,594 | INFO | robo_diario_oficial | Pagina 95 extraida com 3299 caracteres. Origem: extracao_texto. Possui imagens: True.
2026-07-14 14:27:13,596 | INFO | robo_diario_oficial | Pagina 96 extraida com 3333 caracteres. Origem: extracao_texto. Possui imagens: True.
2026-07-14 14:27:13,602 | INFO | robo_diario_oficial | Pagina 97 extraida com 3524 caracteres. Origem: extracao_texto. Possui imagens: True.
2026-07-14 14:27:13,607 | INFO | robo_diario_oficial | Pagina 98 extraida com 3534 caracteres. Origem: extracao_texto. Possui imagens: True.
2026-07-14 14:27:13,611 | INFO | robo_diario_oficial | Pagina 99 extraida com 3410 caracteres. Origem: extracao_texto. Possui imagens: True.
2026-07-14 14:27:13,615 | INFO | robo_diario_oficial | Pagina 100 extraida com 3596 caracteres. Origem: extracao_texto. Possui imagens: True.
2026-07-14 14:27:13,620 | INFO | robo_diario_oficial | Pagina 101 extraida com 3277 caracteres. Origem: extracao_texto. Possui imagens: True.
2026-07-14 14:27:13,624 | INFO | robo_diario_oficial | Pagina 102 extraida com 3105 caracteres. Origem: extracao_texto. Possui imagens: True.
2026-07-14 14:27:13,628 | INFO | robo_diario_oficial | Pagina 103 extraida com 2971 caracteres. Origem: extracao_texto. Possui imagens: True.
2026-07-14 14:27:13,633 | INFO | robo_diario_oficial | Pagina 104 extraida com 3175 caracteres. Origem: extracao_texto. Possui imagens: True.
2026-07-14 14:27:13,637 | INFO | robo_diario_oficial | Pagina 105 extraida com 3278 caracteres. Origem: extracao_texto. Possui imagens: True.
2026-07-14 14:27:13,639 | INFO | robo_diario_oficial | Pagina 106 extraida com 3508 caracteres. Origem: extracao_texto. Possui imagens: True.
2026-07-14 14:27:13,644 | INFO | robo_diario_oficial | Pagina 107 extraida com 3243 caracteres. Origem: extracao_texto. Possui imagens: True.
2026-07-14 14:27:13,651 | INFO | robo_diario_oficial | Pagina 108 extraida com 3376 caracteres. Origem: extracao_texto. Possui imagens: True.
2026-07-14 14:27:13,655 | INFO | robo_diario_oficial | Pagina 109 extraida com 3490 caracteres. Origem: extracao_texto. Possui imagens: True.
2026-07-14 14:27:13,656 | INFO | robo_diario_oficial | Pagina 110 extraida com 3312 caracteres. Origem: extracao_texto. Possui imagens: True.
2026-07-14 14:27:13,664 | INFO | robo_diario_oficial | Pagina 111 extraida com 3405 caracteres. Origem: extracao_texto. Possui imagens: True.
2026-07-14 14:27:13,668 | INFO | robo_diario_oficial | Pagina 112 extraida com 3232 caracteres. Origem: extracao_texto. Possui imagens: True.
2026-07-14 14:27:13,673 | INFO | robo_diario_oficial | Pagina 113 extraida com 3663 caracteres. Origem: extracao_texto. Possui imagens: True.
2026-07-14 14:27:13,677 | INFO | robo_diario_oficial | Pagina 114 extraida com 3437 caracteres. Origem: extracao_texto. Possui imagens: True.
2026-07-14 14:27:13,682 | INFO | robo_diario_oficial | Pagina 115 extraida com 3071 caracteres. Origem: extracao_texto. Possui imagens: True.
2026-07-14 14:27:13,686 | INFO | robo_diario_oficial | Pagina 116 extraida com 3468 caracteres. Origem: extracao_texto. Possui imagens: True.
2026-07-14 14:27:13,690 | INFO | robo_diario_oficial | Pagina 117 extraida com 3670 caracteres. Origem: extracao_texto. Possui imagens: True.
2026-07-14 14:27:13,694 | INFO | robo_diario_oficial | Pagina 118 extraida com 3661 caracteres. Origem: extracao_texto. Possui imagens: True.
2026-07-14 14:27:13,695 | INFO | robo_diario_oficial | Pagina 119 extraida com 3442 caracteres. Origem: extracao_texto. Possui imagens: True.
2026-07-14 14:27:13,704 | INFO | robo_diario_oficial | Pagina 120 extraida com 3421 caracteres. Origem: extracao_texto. Possui imagens: True.
2026-07-14 14:27:13,706 | INFO | robo_diario_oficial | Pagina 121 extraida com 3605 caracteres. Origem: extracao_texto. Possui imagens: True.
2026-07-14 14:27:13,713 | INFO | robo_diario_oficial | Pagina 122 extraida com 3213 caracteres. Origem: extracao_texto. Possui imagens: True.
2026-07-14 14:27:13,718 | INFO | robo_diario_oficial | Pagina 123 extraida com 1949 caracteres. Origem: extracao_texto. Possui imagens: True.
2026-07-14 14:27:13,722 | INFO | robo_diario_oficial | Pagina 124 extraida com 2734 caracteres. Origem: extracao_texto. Possui imagens: True.
2026-07-14 14:27:13,723 | INFO | robo_diario_oficial | Pagina 125 extraida com 2758 caracteres. Origem: extracao_texto. Possui imagens: True.
2026-07-14 14:27:13,732 | INFO | robo_diario_oficial | Pagina 126 extraida com 3027 caracteres. Origem: extracao_texto. Possui imagens: True.
2026-07-14 14:27:13,737 | INFO | robo_diario_oficial | Pagina 127 extraida com 2662 caracteres. Origem: extracao_texto. Possui imagens: True.
2026-07-14 14:27:13,741 | INFO | robo_diario_oficial | Pagina 128 extraida com 2521 caracteres. Origem: extracao_texto. Possui imagens: True.
2026-07-14 14:27:13,746 | INFO | robo_diario_oficial | Pagina 129 extraida com 1352 caracteres. Origem: extracao_texto. Possui imagens: True.
2026-07-14 14:27:13,751 | INFO | robo_diario_oficial | Pagina 130 extraida com 1338 caracteres. Origem: extracao_texto. Possui imagens: True.
2026-07-14 14:27:13,755 | INFO | robo_diario_oficial | Pagina 131 extraida com 1335 caracteres. Origem: extracao_texto. Possui imagens: True.
2026-07-14 14:27:13,759 | INFO | robo_diario_oficial | Pagina 132 extraida com 1341 caracteres. Origem: extracao_texto. Possui imagens: True.
2026-07-14 14:27:13,762 | INFO | robo_diario_oficial | Pagina 133 extraida com 2690 caracteres. Origem: extracao_texto. Possui imagens: True.
2026-07-14 14:27:13,762 | INFO | robo_diario_oficial | Pagina 134 extraida com 2129 caracteres. Origem: extracao_texto. Possui imagens: True.
2026-07-14 14:27:13,773 | INFO | robo_diario_oficial | Pagina 135 extraida com 2556 caracteres. Origem: extracao_texto. Possui imagens: True.
2026-07-14 14:27:13,778 | INFO | robo_diario_oficial | Pagina 136 extraida com 3348 caracteres. Origem: extracao_texto. Possui imagens: True.
2026-07-14 14:27:13,784 | INFO | robo_diario_oficial | Pagina 137 extraida com 3761 caracteres. Origem: extracao_texto. Possui imagens: True.
2026-07-14 14:27:13,789 | INFO | robo_diario_oficial | Pagina 138 extraida com 2384 caracteres. Origem: extracao_texto. Possui imagens: True.
2026-07-14 14:27:13,793 | INFO | robo_diario_oficial | Pagina 139 extraida com 1785 caracteres. Origem: extracao_texto. Possui imagens: True.
2026-07-14 14:27:13,795 | INFO | robo_diario_oficial | Pagina 140 extraida com 3339 caracteres. Origem: extracao_texto. Possui imagens: True.
2026-07-14 14:27:13,802 | INFO | robo_diario_oficial | Pagina 141 extraida com 2842 caracteres. Origem: extracao_texto. Possui imagens: True.
2026-07-14 14:27:13,806 | INFO | robo_diario_oficial | Pagina 142 extraida com 3291 caracteres. Origem: extracao_texto. Possui imagens: True.
2026-07-14 14:27:13,811 | INFO | robo_diario_oficial | Pagina 143 extraida com 3295 caracteres. Origem: extracao_texto. Possui imagens: True.
2026-07-14 14:27:13,816 | INFO | robo_diario_oficial | Pagina 144 extraida com 3130 caracteres. Origem: extracao_texto. Possui imagens: True.
2026-07-14 14:27:13,820 | INFO | robo_diario_oficial | Pagina 145 extraida com 3303 caracteres. Origem: extracao_texto. Possui imagens: True.
2026-07-14 14:27:13,824 | INFO | robo_diario_oficial | Pagina 146 extraida com 3227 caracteres. Origem: extracao_texto. Possui imagens: True.
2026-07-14 14:27:13,828 | INFO | robo_diario_oficial | Pagina 147 extraida com 2941 caracteres. Origem: extracao_texto. Possui imagens: True.
2026-07-14 14:27:13,833 | INFO | robo_diario_oficial | Pagina 148 extraida com 3307 caracteres. Origem: extracao_texto. Possui imagens: True.
2026-07-14 14:27:13,838 | INFO | robo_diario_oficial | Pagina 149 extraida com 3366 caracteres. Origem: extracao_texto. Possui imagens: True.
2026-07-14 14:27:13,842 | INFO | robo_diario_oficial | Pagina 150 extraida com 3594 caracteres. Origem: extracao_texto. Possui imagens: True.
2026-07-14 14:27:13,847 | INFO | robo_diario_oficial | Pagina 151 extraida com 2812 caracteres. Origem: extracao_texto. Possui imagens: True.
2026-07-14 14:27:13,851 | INFO | robo_diario_oficial | Pagina 152 extraida com 3700 caracteres. Origem: extracao_texto. Possui imagens: True.
2026-07-14 14:27:13,856 | INFO | robo_diario_oficial | Pagina 153 extraida com 2848 caracteres. Origem: extracao_texto. Possui imagens: True.
2026-07-14 14:27:13,860 | INFO | robo_diario_oficial | Pagina 154 extraida com 1645 caracteres. Origem: extracao_texto. Possui imagens: True.
2026-07-14 14:27:13,862 | INFO | robo_diario_oficial | Pagina 155 extraida com 2291 caracteres. Origem: extracao_texto. Possui imagens: True.
2026-07-14 14:27:13,868 | INFO | robo_diario_oficial | Pagina 156 extraida com 2822 caracteres. Origem: extracao_texto. Possui imagens: True.
2026-07-14 14:27:13,872 | INFO | robo_diario_oficial | Pagina 157 extraida com 2242 caracteres. Origem: extracao_texto. Possui imagens: True.
2026-07-14 14:27:13,876 | INFO | robo_diario_oficial | Pagina 158 extraida com 2676 caracteres. Origem: extracao_texto. Possui imagens: True.
2026-07-14 14:27:13,881 | INFO | robo_diario_oficial | Pagina 159 extraida com 2340 caracteres. Origem: extracao_texto. Possui imagens: True.
2026-07-14 14:27:13,885 | INFO | robo_diario_oficial | Pagina 160 extraida com 2038 caracteres. Origem: extracao_texto. Possui imagens: True.
2026-07-14 14:27:13,890 | INFO | robo_diario_oficial | Pagina 161 extraida com 2567 caracteres. Origem: extracao_texto. Possui imagens: True.
2026-07-14 14:27:13,894 | INFO | robo_diario_oficial | Pagina 162 extraida com 2316 caracteres. Origem: extracao_texto. Possui imagens: True.
2026-07-14 14:27:13,902 | INFO | robo_diario_oficial | Extracao de texto finalizada.
2026-07-14 14:27:13,902 | INFO | robo_diario_oficial | Paginas com texto extraido: 162 de 162
2026-07-14 14:27:14,244 | INFO | robo_diario_oficial | Arquivo bruto salvo em: storage/resultados\diario_oficial_2026_07_01_01_bruto.txt
2026-07-14 14:27:14,244 | INFO | robo_diario_oficial | Documento JSON salvo em: storage/resultados\diario_oficial_2026_07_01_02_documento.json
2026-07-14 14:27:14,244 | INFO | robo_diario_oficial | Artefatos gerados - bruto: storage/resultados\diario_oficial_2026_07_01_01_bruto.txt | documento: storage/resultados\diario_oficial_2026_07_01_02_documento.json
2026-07-14 14:27:14,291 | INFO | robo_diario_oficial | Resultados encontrados para 2026-07-01: 2
2026-07-14 14:27:14,291 | INFO | robo_diario_oficial | ============================================================
2026-07-14 14:27:14,292 | INFO | robo_diario_oficial | Processando data: 2026-07-02
2026-07-14 14:27:14,292 | INFO | robo_diario_oficial | ============================================================
2026-07-14 14:27:14,292 | INFO | robo_diario_oficial | Iniciando download do Diario Oficial.
2026-07-14 14:27:14,292 | INFO | robo_diario_oficial | Arquivo destino: storage/pdfs\diario_oficial_2026_07_02.pdf
2026-07-14 14:27:14,292 | INFO | robo_diario_oficial | Consultando pagina oficial do mes: https://diariooficial.piracicaba.sp.gov.br/2026/07/
2026-07-14 14:27:15,472 | INFO | robo_diario_oficial | Status HTTP da pagina oficial: 200 | Content-Type: text/html; charset=UTF-8
2026-07-14 14:27:15,474 | INFO | robo_diario_oficial | URL do PDF publicada: https://files.pmp.sp.gov.br/semad/diariooficial/2026/07/20260702.pdf
2026-07-14 14:27:15,588 | INFO | robo_diario_oficial | Status HTTP: 200
2026-07-14 14:27:15,588 | INFO | robo_diario_oficial | Content-Type: application/pdf | URL final: https://files.pmp.sp.gov.br/semad/diariooficial/2026/07/20260702.pdf
2026-07-14 14:27:15,884 | INFO | robo_diario_oficial | Download concluido com sucesso: storage/pdfs\diario_oficial_2026_07_02.pdf
2026-07-14 14:27:15,884 | INFO | robo_diario_oficial | PDF disponivel para processamento: storage/pdfs\diario_oficial_2026_07_02.pdf
2026-07-14 14:27:15,884 | INFO | robo_diario_oficial | Total de paginas identificado: 115
2026-07-14 14:27:15,895 | INFO | robo_diario_oficial | Iniciando extracao de texto do PDF.
2026-07-14 14:27:15,895 | INFO | robo_diario_oficial | Total de paginas: 115
2026-07-14 14:27:15,897 | INFO | robo_diario_oficial | Pagina 1 extraida com 2912 caracteres. Origem: extracao_texto. Possui imagens: True.
2026-07-14 14:27:15,903 | INFO | robo_diario_oficial | Pagina 2 extraida com 3396 caracteres. Origem: extracao_texto. Possui imagens: True.
2026-07-14 14:27:15,906 | INFO | robo_diario_oficial | Pagina 3 extraida com 1419 caracteres. Origem: extracao_texto. Possui imagens: False.
2026-07-14 14:27:15,908 | INFO | robo_diario_oficial | Pagina 4 extraida com 1925 caracteres. Origem: extracao_texto. Possui imagens: False.
2026-07-14 14:27:15,909 | INFO | robo_diario_oficial | Pagina 5 extraida com 1788 caracteres. Origem: extracao_texto. Possui imagens: False.
2026-07-14 14:27:15,911 | INFO | robo_diario_oficial | Pagina 6 extraida com 1180 caracteres. Origem: extracao_texto. Possui imagens: False.
2026-07-14 14:27:15,913 | INFO | robo_diario_oficial | Pagina 7 extraida com 1932 caracteres. Origem: extracao_texto. Possui imagens: False.
2026-07-14 14:27:15,914 | INFO | robo_diario_oficial | Pagina 8 extraida com 1077 caracteres. Origem: extracao_texto. Possui imagens: False.
2026-07-14 14:27:15,917 | INFO | robo_diario_oficial | Pagina 9 extraida com 1479 caracteres. Origem: extracao_texto. Possui imagens: False.
2026-07-14 14:27:15,918 | INFO | robo_diario_oficial | Pagina 10 extraida com 1126 caracteres. Origem: extracao_texto. Possui imagens: False.
2026-07-14 14:27:15,923 | INFO | robo_diario_oficial | Pagina 11 extraida com 2821 caracteres. Origem: extracao_texto. Possui imagens: True.
2026-07-14 14:27:15,926 | INFO | robo_diario_oficial | Pagina 12 extraida com 2329 caracteres. Origem: extracao_texto. Possui imagens: True.
2026-07-14 14:27:15,928 | INFO | robo_diario_oficial | Pagina 13 extraida com 10249 caracteres. Origem: extracao_texto. Possui imagens: False.
2026-07-14 14:27:15,928 | INFO | robo_diario_oficial | Pagina 14 extraida com 3826 caracteres. Origem: extracao_texto. Possui imagens: True.
2026-07-14 14:27:15,937 | INFO | robo_diario_oficial | Pagina 15 extraida com 2851 caracteres. Origem: extracao_texto. Possui imagens: True.
2026-07-14 14:27:15,946 | INFO | robo_diario_oficial | Pagina 16 extraida com 4983 caracteres. Origem: extracao_texto. Possui imagens: True.
2026-07-14 14:27:15,948 | INFO | robo_diario_oficial | Pagina 17 extraida com 822 caracteres. Origem: extracao_texto. Possui imagens: True.
2026-07-14 14:27:15,951 | INFO | robo_diario_oficial | Pagina 18 extraida com 1472 caracteres. Origem: extracao_texto. Possui imagens: True.
2026-07-14 14:27:15,957 | INFO | robo_diario_oficial | Pagina 19 extraida com 15852 caracteres. Origem: extracao_texto. Possui imagens: False.
2026-07-14 14:27:15,961 | INFO | robo_diario_oficial | Pagina 20 extraida com 13893 caracteres. Origem: extracao_texto. Possui imagens: True.
2026-07-14 14:27:15,962 | INFO | robo_diario_oficial | Pagina 21 extraida com 4299 caracteres. Origem: extracao_texto. Possui imagens: False.
2026-07-14 14:27:15,965 | INFO | robo_diario_oficial | Pagina 22 extraida com 4457 caracteres. Origem: extracao_texto. Possui imagens: False.
2026-07-14 14:27:15,966 | INFO | robo_diario_oficial | Pagina 23 extraida com 5861 caracteres. Origem: extracao_texto. Possui imagens: False.
2026-07-14 14:27:15,978 | INFO | robo_diario_oficial | Pagina 24 extraida com 6694 caracteres. Origem: extracao_texto. Possui imagens: True.
2026-07-14 14:27:15,983 | INFO | robo_diario_oficial | Pagina 25 extraida com 9073 caracteres. Origem: extracao_texto. Possui imagens: True.
2026-07-14 14:27:15,988 | INFO | robo_diario_oficial | Pagina 26 extraida com 3701 caracteres. Origem: extracao_texto. Possui imagens: True.
2026-07-14 14:27:15,993 | INFO | robo_diario_oficial | Pagina 27 extraida com 3419 caracteres. Origem: extracao_texto. Possui imagens: True.
2026-07-14 14:27:15,998 | INFO | robo_diario_oficial | Pagina 28 extraida com 4112 caracteres. Origem: extracao_texto. Possui imagens: True.
2026-07-14 14:27:16,002 | INFO | robo_diario_oficial | Pagina 29 extraida com 3683 caracteres. Origem: extracao_texto. Possui imagens: True.
2026-07-14 14:27:16,007 | INFO | robo_diario_oficial | Pagina 30 extraida com 3595 caracteres. Origem: extracao_texto. Possui imagens: True.
2026-07-14 14:27:16,012 | INFO | robo_diario_oficial | Pagina 31 extraida com 4129 caracteres. Origem: extracao_texto. Possui imagens: True.
2026-07-14 14:27:16,016 | INFO | robo_diario_oficial | Pagina 32 extraida com 3535 caracteres. Origem: extracao_texto. Possui imagens: True.
2026-07-14 14:27:16,020 | INFO | robo_diario_oficial | Pagina 33 extraida com 3412 caracteres. Origem: extracao_texto. Possui imagens: True.
2026-07-14 14:27:16,025 | INFO | robo_diario_oficial | Pagina 34 extraida com 3353 caracteres. Origem: extracao_texto. Possui imagens: True.
2026-07-14 14:27:16,029 | INFO | robo_diario_oficial | Pagina 35 extraida com 3559 caracteres. Origem: extracao_texto. Possui imagens: True.
2026-07-14 14:27:16,036 | INFO | robo_diario_oficial | Pagina 36 extraida com 3867 caracteres. Origem: extracao_texto. Possui imagens: True.
2026-07-14 14:27:16,042 | INFO | robo_diario_oficial | Pagina 37 extraida com 3643 caracteres. Origem: extracao_texto. Possui imagens: True.
2026-07-14 14:27:16,044 | INFO | robo_diario_oficial | Pagina 38 extraida com 4100 caracteres. Origem: extracao_texto. Possui imagens: True.
2026-07-14 14:27:16,051 | INFO | robo_diario_oficial | Pagina 39 extraida com 3050 caracteres. Origem: extracao_texto. Possui imagens: True.
2026-07-14 14:27:16,055 | INFO | robo_diario_oficial | Pagina 40 extraida com 3249 caracteres. Origem: extracao_texto. Possui imagens: True.
2026-07-14 14:27:16,056 | INFO | robo_diario_oficial | Pagina 41 extraida com 3613 caracteres. Origem: extracao_texto. Possui imagens: True.
2026-07-14 14:27:16,066 | INFO | robo_diario_oficial | Pagina 42 extraida com 3244 caracteres. Origem: extracao_texto. Possui imagens: True.
2026-07-14 14:27:16,070 | INFO | robo_diario_oficial | Pagina 43 extraida com 3461 caracteres. Origem: extracao_texto. Possui imagens: True.
2026-07-14 14:27:16,075 | INFO | robo_diario_oficial | Pagina 44 extraida com 3374 caracteres. Origem: extracao_texto. Possui imagens: True.
2026-07-14 14:27:16,080 | INFO | robo_diario_oficial | Pagina 45 extraida com 3299 caracteres. Origem: extracao_texto. Possui imagens: True.
2026-07-14 14:27:16,085 | INFO | robo_diario_oficial | Pagina 46 extraida com 3333 caracteres. Origem: extracao_texto. Possui imagens: True.
2026-07-14 14:27:16,090 | INFO | robo_diario_oficial | Pagina 47 extraida com 3524 caracteres. Origem: extracao_texto. Possui imagens: True.
2026-07-14 14:27:16,094 | INFO | robo_diario_oficial | Pagina 48 extraida com 3534 caracteres. Origem: extracao_texto. Possui imagens: True.
2026-07-14 14:27:16,098 | INFO | robo_diario_oficial | Pagina 49 extraida com 3410 caracteres. Origem: extracao_texto. Possui imagens: True.
2026-07-14 14:27:16,103 | INFO | robo_diario_oficial | Pagina 50 extraida com 3595 caracteres. Origem: extracao_texto. Possui imagens: True.
2026-07-14 14:27:16,108 | INFO | robo_diario_oficial | Pagina 51 extraida com 3276 caracteres. Origem: extracao_texto. Possui imagens: True.
2026-07-14 14:27:16,112 | INFO | robo_diario_oficial | Pagina 52 extraida com 3104 caracteres. Origem: extracao_texto. Possui imagens: True.
2026-07-14 14:27:16,117 | INFO | robo_diario_oficial | Pagina 53 extraida com 2970 caracteres. Origem: extracao_texto. Possui imagens: True.
2026-07-14 14:27:16,121 | INFO | robo_diario_oficial | Pagina 54 extraida com 3174 caracteres. Origem: extracao_texto. Possui imagens: True.
2026-07-14 14:27:16,126 | INFO | robo_diario_oficial | Pagina 55 extraida com 3277 caracteres. Origem: extracao_texto. Possui imagens: True.
2026-07-14 14:27:16,130 | INFO | robo_diario_oficial | Pagina 56 extraida com 3507 caracteres. Origem: extracao_texto. Possui imagens: True.
2026-07-14 14:27:16,135 | INFO | robo_diario_oficial | Pagina 57 extraida com 3242 caracteres. Origem: extracao_texto. Possui imagens: True.
2026-07-14 14:27:16,139 | INFO | robo_diario_oficial | Pagina 58 extraida com 3375 caracteres. Origem: extracao_texto. Possui imagens: True.
2026-07-14 14:27:16,144 | INFO | robo_diario_oficial | Pagina 59 extraida com 3489 caracteres. Origem: extracao_texto. Possui imagens: True.
2026-07-14 14:27:16,148 | INFO | robo_diario_oficial | Pagina 60 extraida com 3311 caracteres. Origem: extracao_texto. Possui imagens: True.
2026-07-14 14:27:16,153 | INFO | robo_diario_oficial | Pagina 61 extraida com 3404 caracteres. Origem: extracao_texto. Possui imagens: True.
2026-07-14 14:27:16,156 | INFO | robo_diario_oficial | Pagina 62 extraida com 3231 caracteres. Origem: extracao_texto. Possui imagens: True.
2026-07-14 14:27:16,162 | INFO | robo_diario_oficial | Pagina 63 extraida com 3662 caracteres. Origem: extracao_texto. Possui imagens: True.
2026-07-14 14:27:16,164 | INFO | robo_diario_oficial | Pagina 64 extraida com 3436 caracteres. Origem: extracao_texto. Possui imagens: True.
2026-07-14 14:27:16,171 | INFO | robo_diario_oficial | Pagina 65 extraida com 3070 caracteres. Origem: extracao_texto. Possui imagens: True.
2026-07-14 14:27:16,176 | INFO | robo_diario_oficial | Pagina 66 extraida com 3467 caracteres. Origem: extracao_texto. Possui imagens: True.
2026-07-14 14:27:16,177 | INFO | robo_diario_oficial | Pagina 67 extraida com 3669 caracteres. Origem: extracao_texto. Possui imagens: True.
2026-07-14 14:27:16,185 | INFO | robo_diario_oficial | Pagina 68 extraida com 3660 caracteres. Origem: extracao_texto. Possui imagens: True.
2026-07-14 14:27:16,190 | INFO | robo_diario_oficial | Pagina 69 extraida com 3441 caracteres. Origem: extracao_texto. Possui imagens: True.
2026-07-14 14:27:16,194 | INFO | robo_diario_oficial | Pagina 70 extraida com 3420 caracteres. Origem: extracao_texto. Possui imagens: True.
2026-07-14 14:27:16,199 | INFO | robo_diario_oficial | Pagina 71 extraida com 3604 caracteres. Origem: extracao_texto. Possui imagens: True.
2026-07-14 14:27:16,203 | INFO | robo_diario_oficial | Pagina 72 extraida com 3212 caracteres. Origem: extracao_texto. Possui imagens: True.
2026-07-14 14:27:16,205 | INFO | robo_diario_oficial | Pagina 73 extraida com 1948 caracteres. Origem: extracao_texto. Possui imagens: True.
2026-07-14 14:27:16,205 | INFO | robo_diario_oficial | Pagina 74 extraida com 2733 caracteres. Origem: extracao_texto. Possui imagens: True.
2026-07-14 14:27:16,215 | INFO | robo_diario_oficial | Pagina 75 extraida com 2757 caracteres. Origem: extracao_texto. Possui imagens: True.
2026-07-14 14:27:16,220 | INFO | robo_diario_oficial | Pagina 76 extraida com 3026 caracteres. Origem: extracao_texto. Possui imagens: True.
2026-07-14 14:27:16,226 | INFO | robo_diario_oficial | Pagina 77 extraida com 2661 caracteres. Origem: extracao_texto. Possui imagens: True.
2026-07-14 14:27:16,228 | INFO | robo_diario_oficial | Pagina 78 extraida com 2520 caracteres. Origem: extracao_texto. Possui imagens: True.
2026-07-14 14:27:16,236 | INFO | robo_diario_oficial | Pagina 79 extraida com 1350 caracteres. Origem: extracao_texto. Possui imagens: True.
2026-07-14 14:27:16,240 | INFO | robo_diario_oficial | Pagina 80 extraida com 1337 caracteres. Origem: extracao_texto. Possui imagens: True.
2026-07-14 14:27:16,244 | INFO | robo_diario_oficial | Pagina 81 extraida com 1333 caracteres. Origem: extracao_texto. Possui imagens: True.
2026-07-14 14:27:16,248 | INFO | robo_diario_oficial | Pagina 82 extraida com 1339 caracteres. Origem: extracao_texto. Possui imagens: True.
2026-07-14 14:27:16,253 | INFO | robo_diario_oficial | Pagina 83 extraida com 2689 caracteres. Origem: extracao_texto. Possui imagens: True.
2026-07-14 14:27:16,257 | INFO | robo_diario_oficial | Pagina 84 extraida com 2127 caracteres. Origem: extracao_texto. Possui imagens: True.
2026-07-14 14:27:16,260 | INFO | robo_diario_oficial | Pagina 85 extraida com 2555 caracteres. Origem: extracao_texto. Possui imagens: True.
2026-07-14 14:27:16,270 | INFO | robo_diario_oficial | Pagina 86 extraida com 3347 caracteres. Origem: extracao_texto. Possui imagens: True.
2026-07-14 14:27:16,273 | INFO | robo_diario_oficial | Pagina 87 extraida com 3760 caracteres. Origem: extracao_texto. Possui imagens: True.
2026-07-14 14:27:16,279 | INFO | robo_diario_oficial | Pagina 88 extraida com 2383 caracteres. Origem: extracao_texto. Possui imagens: True.
2026-07-14 14:27:16,281 | INFO | robo_diario_oficial | Pagina 89 extraida com 1784 caracteres. Origem: extracao_texto. Possui imagens: True.
2026-07-14 14:27:16,287 | INFO | robo_diario_oficial | Pagina 90 extraida com 3338 caracteres. Origem: extracao_texto. Possui imagens: True.
2026-07-14 14:27:16,291 | INFO | robo_diario_oficial | Pagina 91 extraida com 2841 caracteres. Origem: extracao_texto. Possui imagens: True.
2026-07-14 14:27:16,294 | INFO | robo_diario_oficial | Pagina 92 extraida com 3290 caracteres. Origem: extracao_texto. Possui imagens: True.
2026-07-14 14:27:16,300 | INFO | robo_diario_oficial | Pagina 93 extraida com 3294 caracteres. Origem: extracao_texto. Possui imagens: True.
2026-07-14 14:27:16,304 | INFO | robo_diario_oficial | Pagina 94 extraida com 3129 caracteres. Origem: extracao_texto. Possui imagens: True.
2026-07-14 14:27:16,307 | INFO | robo_diario_oficial | Pagina 95 extraida com 3302 caracteres. Origem: extracao_texto. Possui imagens: True.
2026-07-14 14:27:16,312 | INFO | robo_diario_oficial | Pagina 96 extraida com 3226 caracteres. Origem: extracao_texto. Possui imagens: True.
2026-07-14 14:27:16,314 | INFO | robo_diario_oficial | Pagina 97 extraida com 2940 caracteres. Origem: extracao_texto. Possui imagens: True.
2026-07-14 14:27:16,320 | INFO | robo_diario_oficial | Pagina 98 extraida com 3306 caracteres. Origem: extracao_texto. Possui imagens: True.
2026-07-14 14:27:16,325 | INFO | robo_diario_oficial | Pagina 99 extraida com 3365 caracteres. Origem: extracao_texto. Possui imagens: True.
2026-07-14 14:27:16,329 | INFO | robo_diario_oficial | Pagina 100 extraida com 3594 caracteres. Origem: extracao_texto. Possui imagens: True.
2026-07-14 14:27:16,334 | INFO | robo_diario_oficial | Pagina 101 extraida com 2812 caracteres. Origem: extracao_texto. Possui imagens: True.
2026-07-14 14:27:16,338 | INFO | robo_diario_oficial | Pagina 102 extraida com 3700 caracteres. Origem: extracao_texto. Possui imagens: True.
2026-07-14 14:27:16,342 | INFO | robo_diario_oficial | Pagina 103 extraida com 2848 caracteres. Origem: extracao_texto. Possui imagens: True.
2026-07-14 14:27:16,346 | INFO | robo_diario_oficial | Pagina 104 extraida com 1645 caracteres. Origem: extracao_texto. Possui imagens: True.
2026-07-14 14:27:16,349 | INFO | robo_diario_oficial | Pagina 105 extraida com 2291 caracteres. Origem: extracao_texto. Possui imagens: True.
2026-07-14 14:27:16,354 | INFO | robo_diario_oficial | Pagina 106 extraida com 2822 caracteres. Origem: extracao_texto. Possui imagens: True.
2026-07-14 14:27:16,358 | INFO | robo_diario_oficial | Pagina 107 extraida com 2242 caracteres. Origem: extracao_texto. Possui imagens: True.
2026-07-14 14:27:16,360 | INFO | robo_diario_oficial | Pagina 108 extraida com 2676 caracteres. Origem: extracao_texto. Possui imagens: True.
2026-07-14 14:27:16,367 | INFO | robo_diario_oficial | Pagina 109 extraida com 2340 caracteres. Origem: extracao_texto. Possui imagens: True.
2026-07-14 14:27:16,370 | INFO | robo_diario_oficial | Pagina 110 extraida com 2038 caracteres. Origem: extracao_texto. Possui imagens: True.
2026-07-14 14:27:16,373 | INFO | robo_diario_oficial | Pagina 111 extraida com 2567 caracteres. Origem: extracao_texto. Possui imagens: True.
2026-07-14 14:27:16,379 | INFO | robo_diario_oficial | Pagina 112 extraida com 2316 caracteres. Origem: extracao_texto. Possui imagens: True.
2026-07-14 14:27:16,385 | INFO | robo_diario_oficial | Pagina 113 extraida com 2665 caracteres. Origem: extracao_texto. Possui imagens: True.
2026-07-14 14:27:16,389 | INFO | robo_diario_oficial | Pagina 114 extraida com 3899 caracteres. Origem: extracao_texto. Possui imagens: False.
2026-07-14 14:27:16,392 | INFO | robo_diario_oficial | Pagina 115 extraida com 914 caracteres. Origem: extracao_texto. Possui imagens: True.
2026-07-14 14:27:16,394 | INFO | robo_diario_oficial | Extracao de texto finalizada.
2026-07-14 14:27:16,394 | INFO | robo_diario_oficial | Paginas com texto extraido: 115 de 115
2026-07-14 14:27:16,459 | INFO | robo_diario_oficial | Arquivo bruto salvo em: storage/resultados\diario_oficial_2026_07_02_01_bruto.txt
2026-07-14 14:27:16,459 | INFO | robo_diario_oficial | Documento JSON salvo em: storage/resultados\diario_oficial_2026_07_02_02_documento.json
2026-07-14 14:27:16,459 | INFO | robo_diario_oficial | Artefatos gerados - bruto: storage/resultados\diario_oficial_2026_07_02_01_bruto.txt | documento: storage/resultados\diario_oficial_2026_07_02_02_documento.json
2026-07-14 14:27:16,485 | INFO | robo_diario_oficial | Resultados encontrados para 2026-07-02: 1
2026-07-14 14:27:16,485 | INFO | robo_diario_oficial | ============================================================
2026-07-14 14:27:16,485 | INFO | robo_diario_oficial | Processando data: 2026-07-03
2026-07-14 14:27:16,485 | INFO | robo_diario_oficial | ============================================================
2026-07-14 14:27:16,485 | INFO | robo_diario_oficial | Iniciando download do Diario Oficial.
2026-07-14 14:27:16,485 | INFO | robo_diario_oficial | Arquivo destino: storage/pdfs\diario_oficial_2026_07_03.pdf
2026-07-14 14:27:16,485 | INFO | robo_diario_oficial | Consultando pagina oficial do mes: https://diariooficial.piracicaba.sp.gov.br/2026/07/
2026-07-14 14:27:17,425 | INFO | robo_diario_oficial | Status HTTP da pagina oficial: 200 | Content-Type: text/html; charset=UTF-8
2026-07-14 14:27:17,425 | INFO | robo_diario_oficial | URL do PDF publicada: https://files.pmp.sp.gov.br/semad/diariooficial/2026/07/20260703.pdf
2026-07-14 14:27:17,536 | INFO | robo_diario_oficial | Status HTTP: 200
2026-07-14 14:27:17,553 | INFO | robo_diario_oficial | Content-Type: application/pdf | URL final: https://files.pmp.sp.gov.br/semad/diariooficial/2026/07/20260703.pdf
2026-07-14 14:27:17,835 | INFO | robo_diario_oficial | Download concluido com sucesso: storage/pdfs\diario_oficial_2026_07_03.pdf
2026-07-14 14:27:17,835 | INFO | robo_diario_oficial | PDF disponivel para processamento: storage/pdfs\diario_oficial_2026_07_03.pdf
2026-07-14 14:27:17,835 | INFO | robo_diario_oficial | Total de paginas identificado: 32
2026-07-14 14:27:17,835 | INFO | robo_diario_oficial | Iniciando extracao de texto do PDF.
2026-07-14 14:27:17,835 | INFO | robo_diario_oficial | Total de paginas: 32
2026-07-14 14:27:17,845 | INFO | robo_diario_oficial | Pagina 1 extraida com 4527 caracteres. Origem: extracao_texto. Possui imagens: True.
2026-07-14 14:27:17,848 | INFO | robo_diario_oficial | Pagina 2 extraida com 1504 caracteres. Origem: extracao_texto. Possui imagens: True.
2026-07-14 14:27:17,850 | INFO | robo_diario_oficial | Pagina 3 extraida com 2214 caracteres. Origem: extracao_texto. Possui imagens: True.
2026-07-14 14:27:17,853 | INFO | robo_diario_oficial | Pagina 4 extraida com 4359 caracteres. Origem: extracao_texto. Possui imagens: True.
2026-07-14 14:27:17,859 | INFO | robo_diario_oficial | Pagina 5 extraida com 3671 caracteres. Origem: extracao_texto. Possui imagens: False.
2026-07-14 14:27:17,863 | INFO | robo_diario_oficial | Pagina 6 extraida com 4007 caracteres. Origem: extracao_texto. Possui imagens: False.
2026-07-14 14:27:17,867 | INFO | robo_diario_oficial | Pagina 7 extraida com 3991 caracteres. Origem: extracao_texto. Possui imagens: False.
2026-07-14 14:27:17,871 | INFO | robo_diario_oficial | Pagina 8 extraida com 3925 caracteres. Origem: extracao_texto. Possui imagens: False.
2026-07-14 14:27:17,873 | INFO | robo_diario_oficial | Pagina 9 extraida com 2237 caracteres. Origem: extracao_texto. Possui imagens: False.
2026-07-14 14:27:17,876 | INFO | robo_diario_oficial | Pagina 10 extraida com 1275 caracteres. Origem: extracao_texto. Possui imagens: True.
2026-07-14 14:27:17,879 | INFO | robo_diario_oficial | Pagina 11 extraida com 8150 caracteres. Origem: extracao_texto. Possui imagens: False.
2026-07-14 14:27:17,880 | INFO | robo_diario_oficial | Pagina 12 extraida com 12401 caracteres. Origem: extracao_texto. Possui imagens: False.
2026-07-14 14:27:17,885 | INFO | robo_diario_oficial | Pagina 13 extraida com 12433 caracteres. Origem: extracao_texto. Possui imagens: False.
2026-07-14 14:27:17,888 | INFO | robo_diario_oficial | Pagina 14 extraida com 12371 caracteres. Origem: extracao_texto. Possui imagens: False.
2026-07-14 14:27:17,889 | INFO | robo_diario_oficial | Pagina 15 extraida com 12284 caracteres. Origem: extracao_texto. Possui imagens: False.
2026-07-14 14:27:17,895 | INFO | robo_diario_oficial | Pagina 16 extraida com 12403 caracteres. Origem: extracao_texto. Possui imagens: False.
2026-07-14 14:27:17,898 | INFO | robo_diario_oficial | Pagina 17 extraida com 12417 caracteres. Origem: extracao_texto. Possui imagens: False.
2026-07-14 14:27:17,898 | INFO | robo_diario_oficial | Pagina 18 extraida com 12158 caracteres. Origem: extracao_texto. Possui imagens: False.
2026-07-14 14:27:17,904 | INFO | robo_diario_oficial | Pagina 19 extraida com 6960 caracteres. Origem: extracao_texto. Possui imagens: True.
2026-07-14 14:27:17,908 | INFO | robo_diario_oficial | Pagina 20 extraida com 4187 caracteres. Origem: extracao_texto. Possui imagens: False.
2026-07-14 14:27:17,911 | INFO | robo_diario_oficial | Pagina 21 extraida com 3295 caracteres. Origem: extracao_texto. Possui imagens: True.
2026-07-14 14:27:17,915 | INFO | robo_diario_oficial | Pagina 22 extraida com 5606 caracteres. Origem: extracao_texto. Possui imagens: True.
2026-07-14 14:27:17,916 | INFO | robo_diario_oficial | Pagina 23 extraida com 3174 caracteres. Origem: extracao_texto. Possui imagens: False.
2026-07-14 14:27:17,920 | INFO | robo_diario_oficial | Pagina 24 extraida com 2646 caracteres. Origem: extracao_texto. Possui imagens: True.
2026-07-14 14:27:17,924 | INFO | robo_diario_oficial | Pagina 25 extraida com 1180 caracteres. Origem: extracao_texto. Possui imagens: True.
2026-07-14 14:27:17,926 | INFO | robo_diario_oficial | Pagina 26 extraida com 3636 caracteres. Origem: extracao_texto. Possui imagens: True.
2026-07-14 14:27:17,930 | INFO | robo_diario_oficial | Pagina 27 extraida com 922 caracteres. Origem: extracao_texto. Possui imagens: True.
2026-07-14 14:27:17,935 | INFO | robo_diario_oficial | Pagina 28 extraida com 918 caracteres. Origem: extracao_texto. Possui imagens: True.
2026-07-14 14:27:17,937 | INFO | robo_diario_oficial | Pagina 29 extraida com 4267 caracteres. Origem: extracao_texto. Possui imagens: True.
2026-07-14 14:27:17,940 | INFO | robo_diario_oficial | Pagina 30 extraida com 3711 caracteres. Origem: extracao_texto. Possui imagens: False.
2026-07-14 14:27:17,946 | INFO | robo_diario_oficial | Pagina 31 extraida com 1966 caracteres. Origem: extracao_texto. Possui imagens: True.
2026-07-14 14:27:17,947 | INFO | robo_diario_oficial | Pagina 32 extraida com 1810 caracteres. Origem: extracao_texto. Possui imagens: True.
2026-07-14 14:27:17,947 | INFO | robo_diario_oficial | Extracao de texto finalizada.
2026-07-14 14:27:17,947 | INFO | robo_diario_oficial | Paginas com texto extraido: 32 de 32
2026-07-14 14:27:17,983 | INFO | robo_diario_oficial | Arquivo bruto salvo em: storage/resultados\diario_oficial_2026_07_03_01_bruto.txt
2026-07-14 14:27:17,983 | INFO | robo_diario_oficial | Documento JSON salvo em: storage/resultados\diario_oficial_2026_07_03_02_documento.json
2026-07-14 14:27:17,983 | INFO | robo_diario_oficial | Artefatos gerados - bruto: storage/resultados\diario_oficial_2026_07_03_01_bruto.txt | documento: storage/resultados\diario_oficial_2026_07_03_02_documento.json
2026-07-14 14:27:17,999 | INFO | robo_diario_oficial | Resultados encontrados para 2026-07-03: 0
2026-07-14 14:27:18,001 | INFO | robo_diario_oficial | ============================================================
2026-07-14 14:27:18,001 | INFO | robo_diario_oficial | Processando data: 2026-07-04
2026-07-14 14:27:18,001 | INFO | robo_diario_oficial | ============================================================
2026-07-14 14:27:18,001 | INFO | robo_diario_oficial | Iniciando download do Diario Oficial.
2026-07-14 14:27:18,001 | INFO | robo_diario_oficial | Arquivo destino: storage/pdfs\diario_oficial_2026_07_04.pdf
2026-07-14 14:27:18,002 | INFO | robo_diario_oficial | Consultando pagina oficial do mes: https://diariooficial.piracicaba.sp.gov.br/2026/07/
2026-07-14 14:27:19,414 | INFO | robo_diario_oficial | Status HTTP da pagina oficial: 200 | Content-Type: text/html; charset=UTF-8
2026-07-14 14:27:19,414 | INFO | robo_diario_oficial | Diario Oficial nao publicado para 2026-07-04 na pagina oficial.
2026-07-14 14:27:19,414 | INFO | robo_diario_oficial | Nenhum PDF disponivel para 2026-07-04. Pulando.
2026-07-14 14:27:19,414 | INFO | robo_diario_oficial | ============================================================
2026-07-14 14:27:19,414 | INFO | robo_diario_oficial | Processando data: 2026-07-05
2026-07-14 14:27:19,414 | INFO | robo_diario_oficial | ============================================================
2026-07-14 14:27:19,428 | INFO | robo_diario_oficial | Iniciando download do Diario Oficial.
2026-07-14 14:27:19,429 | INFO | robo_diario_oficial | Arquivo destino: storage/pdfs\diario_oficial_2026_07_05.pdf
2026-07-14 14:27:19,430 | INFO | robo_diario_oficial | Consultando pagina oficial do mes: https://diariooficial.piracicaba.sp.gov.br/2026/07/
2026-07-14 14:27:20,887 | WARNING | robo_diario_oficial | Erro de conexao ao consultar pagina oficial https://diariooficial.piracicaba.sp.gov.br/2026/07/: ('Connection aborted.', RemoteDisconnected('Remote end closed connection without response'))
2026-07-14 14:27:20,889 | INFO | robo_diario_oficial | Nenhum PDF disponivel para 2026-07-05. Pulando.
2026-07-14 14:27:20,889 | INFO | robo_diario_oficial | ============================================================
2026-07-14 14:27:20,889 | INFO | robo_diario_oficial | Processando data: 2026-07-06
2026-07-14 14:27:20,891 | INFO | robo_diario_oficial | ============================================================
2026-07-14 14:27:20,891 | INFO | robo_diario_oficial | Iniciando download do Diario Oficial.
2026-07-14 14:27:20,891 | INFO | robo_diario_oficial | Arquivo destino: storage/pdfs\diario_oficial_2026_07_06.pdf
2026-07-14 14:27:20,893 | INFO | robo_diario_oficial | Consultando pagina oficial do mes: https://diariooficial.piracicaba.sp.gov.br/2026/07/
2026-07-14 14:27:22,554 | INFO | robo_diario_oficial | Status HTTP da pagina oficial: 200 | Content-Type: text/html; charset=UTF-8
2026-07-14 14:27:22,554 | INFO | robo_diario_oficial | URL do PDF publicada: https://files.pmp.sp.gov.br/semad/diariooficial/2026/07/20260706.pdf
2026-07-14 14:27:22,685 | INFO | robo_diario_oficial | Status HTTP: 200
2026-07-14 14:27:22,685 | INFO | robo_diario_oficial | Content-Type: application/pdf | URL final: https://files.pmp.sp.gov.br/semad/diariooficial/2026/07/20260706.pdf
2026-07-14 14:27:24,228 | INFO | robo_diario_oficial | Download concluido com sucesso: storage/pdfs\diario_oficial_2026_07_06.pdf
2026-07-14 14:27:24,228 | INFO | robo_diario_oficial | PDF disponivel para processamento: storage/pdfs\diario_oficial_2026_07_06.pdf
2026-07-14 14:27:24,228 | INFO | robo_diario_oficial | Total de paginas identificado: 68
2026-07-14 14:27:24,247 | INFO | robo_diario_oficial | Iniciando extracao de texto do PDF.
2026-07-14 14:27:24,247 | INFO | robo_diario_oficial | Total de paginas: 68
2026-07-14 14:27:24,251 | INFO | robo_diario_oficial | Pagina 1 extraida com 4966 caracteres. Origem: extracao_texto. Possui imagens: True.
2026-07-14 14:27:24,258 | INFO | robo_diario_oficial | Pagina 2 extraida com 5947 caracteres. Origem: extracao_texto. Possui imagens: True.
2026-07-14 14:27:24,261 | INFO | robo_diario_oficial | Pagina 3 extraida com 9580 caracteres. Origem: extracao_texto. Possui imagens: True.
2026-07-14 14:27:24,261 | INFO | robo_diario_oficial | Pagina 4 extraida com 3794 caracteres. Origem: extracao_texto. Possui imagens: True.
2026-07-14 14:27:24,264 | INFO | robo_diario_oficial | Pagina 5 extraida com 4617 caracteres. Origem: extracao_texto. Possui imagens: False.
2026-07-14 14:27:24,266 | INFO | robo_diario_oficial | Pagina 6 extraida com 4097 caracteres. Origem: extracao_texto. Possui imagens: True.
2026-07-14 14:27:24,270 | INFO | robo_diario_oficial | Pagina 7 extraida com 2381 caracteres. Origem: extracao_texto. Possui imagens: False.
2026-07-14 14:27:24,272 | INFO | robo_diario_oficial | Pagina 8 extraida com 2764 caracteres. Origem: extracao_texto. Possui imagens: False.
2026-07-14 14:27:24,275 | INFO | robo_diario_oficial | Pagina 9 extraida com 1012 caracteres. Origem: extracao_texto. Possui imagens: False.
2026-07-14 14:27:24,277 | INFO | robo_diario_oficial | Pagina 10 extraida com 1107 caracteres. Origem: extracao_texto. Possui imagens: True.
2026-07-14 14:27:24,281 | INFO | robo_diario_oficial | Pagina 11 extraida com 1179 caracteres. Origem: extracao_texto. Possui imagens: True.
2026-07-14 14:27:24,285 | INFO | robo_diario_oficial | Pagina 12 extraida com 977 caracteres. Origem: extracao_texto. Possui imagens: True.
2026-07-14 14:27:24,287 | INFO | robo_diario_oficial | Pagina 13 extraida com 1461 caracteres. Origem: extracao_texto. Possui imagens: True.
2026-07-14 14:27:24,289 | INFO | robo_diario_oficial | Pagina 14 extraida com 2199 caracteres. Origem: extracao_texto. Possui imagens: True.
2026-07-14 14:27:24,294 | INFO | robo_diario_oficial | Pagina 15 extraida com 2324 caracteres. Origem: extracao_texto. Possui imagens: False.
2026-07-14 14:27:24,297 | INFO | robo_diario_oficial | Pagina 16 extraida com 2742 caracteres. Origem: extracao_texto. Possui imagens: False.
2026-07-14 14:27:24,299 | INFO | robo_diario_oficial | Pagina 17 extraida com 1014 caracteres. Origem: extracao_texto. Possui imagens: False.
2026-07-14 14:27:24,302 | INFO | robo_diario_oficial | Pagina 18 extraida com 1110 caracteres. Origem: extracao_texto. Possui imagens: True.
2026-07-14 14:27:24,305 | INFO | robo_diario_oficial | Pagina 19 extraida com 1180 caracteres. Origem: extracao_texto. Possui imagens: True.
2026-07-14 14:27:24,308 | INFO | robo_diario_oficial | Pagina 20 extraida com 971 caracteres. Origem: extracao_texto. Possui imagens: True.
2026-07-14 14:27:24,309 | INFO | robo_diario_oficial | Pagina 21 extraida com 1461 caracteres. Origem: extracao_texto. Possui imagens: True.
2026-07-14 14:27:24,311 | INFO | robo_diario_oficial | Pagina 22 extraida com 4349 caracteres. Origem: extracao_texto. Possui imagens: False.
2026-07-14 14:27:24,313 | INFO | robo_diario_oficial | Pagina 23 extraida com 4513 caracteres. Origem: extracao_texto. Possui imagens: False.
2026-07-14 14:27:24,316 | INFO | robo_diario_oficial | Pagina 24 extraida com 8745 caracteres. Origem: extracao_texto. Possui imagens: False.
2026-07-14 14:27:24,318 | INFO | robo_diario_oficial | Pagina 25 extraida com 7709 caracteres. Origem: extracao_texto. Possui imagens: True.
2026-07-14 14:27:24,322 | INFO | robo_diario_oficial | Pagina 26 extraida com 3044 caracteres. Origem: extracao_texto. Possui imagens: True.
2026-07-14 14:27:24,325 | INFO | robo_diario_oficial | Pagina 27 extraida com 1937 caracteres. Origem: extracao_texto. Possui imagens: True.
2026-07-14 14:27:24,327 | INFO | robo_diario_oficial | Pagina 28 extraida com 1939 caracteres. Origem: extracao_texto. Possui imagens: True.
2026-07-14 14:27:24,328 | INFO | robo_diario_oficial | Pagina 29 extraida com 1939 caracteres. Origem: extracao_texto. Possui imagens: True.
2026-07-14 14:27:24,328 | INFO | robo_diario_oficial | Pagina 30 extraida com 1964 caracteres. Origem: extracao_texto. Possui imagens: True.
2026-07-14 14:27:24,333 | INFO | robo_diario_oficial | Pagina 31 extraida com 1926 caracteres. Origem: extracao_texto. Possui imagens: True.
2026-07-14 14:27:24,335 | INFO | robo_diario_oficial | Pagina 32 extraida com 1940 caracteres. Origem: extracao_texto. Possui imagens: True.
2026-07-14 14:27:24,337 | INFO | robo_diario_oficial | Pagina 33 extraida com 1067 caracteres. Origem: extracao_texto. Possui imagens: True.
2026-07-14 14:27:24,339 | INFO | robo_diario_oficial | Pagina 34 extraida com 3320 caracteres. Origem: extracao_texto. Possui imagens: True.
2026-07-14 14:27:24,395 | INFO | robo_diario_oficial | Pagina 35 extraida com 2356 caracteres. Origem: extracao_texto. Possui imagens: True.
2026-07-14 14:27:24,395 | INFO | robo_diario_oficial | Pagina 36 extraida com 3249 caracteres. Origem: extracao_texto. Possui imagens: False.
2026-07-14 14:27:24,400 | INFO | robo_diario_oficial | Pagina 37 extraida com 1095 caracteres. Origem: extracao_texto. Possui imagens: False.
2026-07-14 14:27:24,403 | INFO | robo_diario_oficial | Pagina 38 extraida com 698 caracteres. Origem: extracao_texto. Possui imagens: True.
2026-07-14 14:27:24,405 | INFO | robo_diario_oficial | Pagina 39 extraida com 652 caracteres. Origem: extracao_texto. Possui imagens: True.
2026-07-14 14:27:24,407 | INFO | robo_diario_oficial | Pagina 40 extraida com 2423 caracteres. Origem: extracao_texto. Possui imagens: True.
2026-07-14 14:27:24,409 | INFO | robo_diario_oficial | Pagina 41 extraida com 4615 caracteres. Origem: extracao_texto. Possui imagens: False.
2026-07-14 14:27:24,411 | INFO | robo_diario_oficial | Pagina 42 extraida com 3366 caracteres. Origem: extracao_texto. Possui imagens: True.
2026-07-14 14:27:24,415 | INFO | robo_diario_oficial | Pagina 43 extraida com 1699 caracteres. Origem: extracao_texto. Possui imagens: True.
2026-07-14 14:27:24,416 | INFO | robo_diario_oficial | Pagina 44 extraida com 1283 caracteres. Origem: extracao_texto. Possui imagens: True.
2026-07-14 14:27:24,421 | INFO | robo_diario_oficial | Pagina 45 extraida com 1551 caracteres. Origem: extracao_texto. Possui imagens: True.
2026-07-14 14:27:24,422 | INFO | robo_diario_oficial | Pagina 46 extraida com 1288 caracteres. Origem: extracao_texto. Possui imagens: True.
2026-07-14 14:27:24,424 | INFO | robo_diario_oficial | Pagina 47 extraida com 6743 caracteres. Origem: extracao_texto. Possui imagens: False.
2026-07-14 14:27:24,426 | INFO | robo_diario_oficial | Pagina 48 extraida com 6632 caracteres. Origem: extracao_texto. Possui imagens: True.
2026-07-14 14:27:24,428 | INFO | robo_diario_oficial | Pagina 49 extraida com 589 caracteres. Origem: extracao_texto. Possui imagens: True.
2026-07-14 14:27:24,439 | INFO | robo_diario_oficial | Pagina 50 extraida com 740 caracteres. Origem: extracao_texto. Possui imagens: True.
2026-07-14 14:27:24,440 | INFO | robo_diario_oficial | Pagina 51 extraida com 3851 caracteres. Origem: extracao_texto. Possui imagens: False.
2026-07-14 14:27:24,447 | INFO | robo_diario_oficial | Pagina 52 extraida com 3401 caracteres. Origem: extracao_texto. Possui imagens: True.
2026-07-14 14:27:24,451 | INFO | robo_diario_oficial | Pagina 53 extraida com 2697 caracteres. Origem: extracao_texto. Possui imagens: True.
2026-07-14 14:27:24,454 | INFO | robo_diario_oficial | Pagina 54 extraida com 1238 caracteres. Origem: extracao_texto. Possui imagens: True.
2026-07-14 14:27:24,460 | INFO | robo_diario_oficial | Pagina 55 extraida com 3276 caracteres. Origem: extracao_texto. Possui imagens: True.
2026-07-14 14:27:24,465 | INFO | robo_diario_oficial | Pagina 56 extraida com 3813 caracteres. Origem: extracao_texto. Possui imagens: True.
2026-07-14 14:27:24,466 | INFO | robo_diario_oficial | Pagina 57 extraida com 545 caracteres. Origem: extracao_texto. Possui imagens: False.
2026-07-14 14:27:24,471 | INFO | robo_diario_oficial | Pagina 58 extraida com 1935 caracteres. Origem: extracao_texto. Possui imagens: True.
2026-07-14 14:27:24,478 | INFO | robo_diario_oficial | Pagina 59 extraida com 6258 caracteres. Origem: extracao_texto. Possui imagens: False.
2026-07-14 14:27:24,487 | INFO | robo_diario_oficial | Pagina 60 extraida com 6277 caracteres. Origem: extracao_texto. Possui imagens: False.
2026-07-14 14:27:24,494 | INFO | robo_diario_oficial | Pagina 61 extraida com 6232 caracteres. Origem: extracao_texto. Possui imagens: False.
2026-07-14 14:27:24,500 | INFO | robo_diario_oficial | Pagina 62 extraida com 5365 caracteres. Origem: extracao_texto. Possui imagens: False.
2026-07-14 14:27:24,508 | INFO | robo_diario_oficial | Pagina 63 extraida com 5754 caracteres. Origem: extracao_texto. Possui imagens: False.
2026-07-14 14:27:24,514 | INFO | robo_diario_oficial | Pagina 64 extraida com 5314 caracteres. Origem: extracao_texto. Possui imagens: False.
2026-07-14 14:27:24,519 | INFO | robo_diario_oficial | Pagina 65 extraida com 2428 caracteres. Origem: extracao_texto. Possui imagens: True.
2026-07-14 14:27:24,523 | INFO | robo_diario_oficial | Pagina 66 extraida com 2780 caracteres. Origem: extracao_texto. Possui imagens: True.
2026-07-14 14:27:24,527 | INFO | robo_diario_oficial | Pagina 67 extraida com 2265 caracteres. Origem: extracao_texto. Possui imagens: True.
2026-07-14 14:27:24,535 | INFO | robo_diario_oficial | Pagina 68 extraida com 1844 caracteres. Origem: extracao_texto. Possui imagens: False.
2026-07-14 14:27:24,540 | INFO | robo_diario_oficial | Extracao de texto finalizada.
2026-07-14 14:27:24,541 | INFO | robo_diario_oficial | Paginas com texto extraido: 68 de 68
2026-07-14 14:27:24,731 | INFO | robo_diario_oficial | Arquivo bruto salvo em: storage/resultados\diario_oficial_2026_07_06_01_bruto.txt
2026-07-14 14:27:24,731 | INFO | robo_diario_oficial | Documento JSON salvo em: storage/resultados\diario_oficial_2026_07_06_02_documento.json
2026-07-14 14:27:24,731 | INFO | robo_diario_oficial | Artefatos gerados - bruto: storage/resultados\diario_oficial_2026_07_06_01_bruto.txt | documento: storage/resultados\diario_oficial_2026_07_06_02_documento.json
2026-07-14 14:27:24,751 | INFO | robo_diario_oficial | Resultados encontrados para 2026-07-06: 3
2026-07-14 14:27:24,752 | INFO | robo_diario_oficial | ============================================================
2026-07-14 14:27:24,752 | INFO | robo_diario_oficial | Processando data: 2026-07-07
2026-07-14 14:27:24,752 | INFO | robo_diario_oficial | ============================================================
2026-07-14 14:27:24,752 | INFO | robo_diario_oficial | Iniciando download do Diario Oficial.
2026-07-14 14:27:24,752 | INFO | robo_diario_oficial | Arquivo destino: storage/pdfs\diario_oficial_2026_07_07.pdf
2026-07-14 14:27:24,752 | INFO | robo_diario_oficial | Consultando pagina oficial do mes: https://diariooficial.piracicaba.sp.gov.br/2026/07/
2026-07-14 14:27:25,444 | INFO | robo_diario_oficial | Status HTTP da pagina oficial: 200 | Content-Type: text/html; charset=UTF-8
2026-07-14 14:27:25,447 | INFO | robo_diario_oficial | URL do PDF publicada: https://files.pmp.sp.gov.br/semad/diariooficial/2026/07/20260707.pdf
2026-07-14 14:27:25,571 | INFO | robo_diario_oficial | Status HTTP: 200
2026-07-14 14:27:25,571 | INFO | robo_diario_oficial | Content-Type: application/pdf | URL final: https://files.pmp.sp.gov.br/semad/diariooficial/2026/07/20260707.pdf
2026-07-14 14:27:26,615 | INFO | robo_diario_oficial | Download concluido com sucesso: storage/pdfs\diario_oficial_2026_07_07.pdf
2026-07-14 14:27:26,619 | INFO | robo_diario_oficial | PDF disponivel para processamento: storage/pdfs\diario_oficial_2026_07_07.pdf
2026-07-14 14:27:26,619 | INFO | robo_diario_oficial | Total de paginas identificado: 32
2026-07-14 14:27:26,626 | INFO | robo_diario_oficial | Iniciando extracao de texto do PDF.
2026-07-14 14:27:26,626 | INFO | robo_diario_oficial | Total de paginas: 32
2026-07-14 14:27:26,631 | INFO | robo_diario_oficial | Pagina 1 extraida com 6750 caracteres. Origem: extracao_texto. Possui imagens: True.
2026-07-14 14:27:26,636 | INFO | robo_diario_oficial | Pagina 2 extraida com 6044 caracteres. Origem: extracao_texto. Possui imagens: True.
2026-07-14 14:27:26,638 | INFO | robo_diario_oficial | Pagina 3 extraida com 5475 caracteres. Origem: extracao_texto. Possui imagens: False.
2026-07-14 14:27:26,640 | INFO | robo_diario_oficial | Pagina 4 extraida com 5401 caracteres. Origem: extracao_texto. Possui imagens: False.
2026-07-14 14:27:26,640 | INFO | robo_diario_oficial | Pagina 5 extraida com 5911 caracteres. Origem: extracao_texto. Possui imagens: False.
2026-07-14 14:27:26,645 | INFO | robo_diario_oficial | Pagina 6 extraida com 5861 caracteres. Origem: extracao_texto. Possui imagens: True.
2026-07-14 14:27:26,649 | INFO | robo_diario_oficial | Pagina 7 extraida com 1573 caracteres. Origem: extracao_texto. Possui imagens: True.
2026-07-14 14:27:26,651 | INFO | robo_diario_oficial | Pagina 8 extraida com 5120 caracteres. Origem: extracao_texto. Possui imagens: False.
2026-07-14 14:27:26,798 | INFO | robo_diario_oficial | Pagina 9 extraida com 1108 caracteres. Origem: extracao_texto. Possui imagens: True.
2026-07-14 14:27:26,952 | INFO | robo_diario_oficial | Pagina 10 extraida com 1014 caracteres. Origem: extracao_texto. Possui imagens: True.
2026-07-14 14:27:26,966 | INFO | robo_diario_oficial | Pagina 11 extraida com 4289 caracteres. Origem: extracao_texto. Possui imagens: True.
2026-07-14 14:27:26,973 | INFO | robo_diario_oficial | Pagina 12 extraida com 9207 caracteres. Origem: extracao_texto. Possui imagens: False.
2026-07-14 14:27:26,976 | INFO | robo_diario_oficial | Pagina 13 extraida com 3487 caracteres. Origem: extracao_texto. Possui imagens: True.
2026-07-14 14:27:26,985 | INFO | robo_diario_oficial | Pagina 14 extraida com 3584 caracteres. Origem: extracao_texto. Possui imagens: True.
2026-07-14 14:27:26,988 | INFO | robo_diario_oficial | Pagina 15 extraida com 9461 caracteres. Origem: extracao_texto. Possui imagens: False.
2026-07-14 14:27:26,995 | INFO | robo_diario_oficial | Pagina 16 extraida com 12829 caracteres. Origem: extracao_texto. Possui imagens: True.
2026-07-14 14:27:27,006 | INFO | robo_diario_oficial | Pagina 17 extraida com 4391 caracteres. Origem: extracao_texto. Possui imagens: True.
2026-07-14 14:27:27,009 | INFO | robo_diario_oficial | Pagina 18 extraida com 6244 caracteres. Origem: extracao_texto. Possui imagens: True.
2026-07-14 14:27:27,015 | INFO | robo_diario_oficial | Pagina 19 extraida com 9216 caracteres. Origem: extracao_texto. Possui imagens: True.
2026-07-14 14:27:27,018 | INFO | robo_diario_oficial | Pagina 20 extraida com 5651 caracteres. Origem: extracao_texto. Possui imagens: False.
2026-07-14 14:27:27,022 | INFO | robo_diario_oficial | Pagina 21 extraida com 9308 caracteres. Origem: extracao_texto. Possui imagens: True.
2026-07-14 14:27:27,027 | INFO | robo_diario_oficial | Pagina 22 extraida com 489 caracteres. Origem: extracao_texto. Possui imagens: True.
2026-07-14 14:27:27,030 | INFO | robo_diario_oficial | Pagina 23 extraida com 2495 caracteres. Origem: extracao_texto. Possui imagens: False.
2026-07-14 14:27:27,031 | INFO | robo_diario_oficial | Pagina 24 extraida com 1256 caracteres. Origem: extracao_texto. Possui imagens: True.
2026-07-14 14:27:27,036 | INFO | robo_diario_oficial | Pagina 25 extraida com 3411 caracteres. Origem: extracao_texto. Possui imagens: True.
2026-07-14 14:27:27,039 | INFO | robo_diario_oficial | Pagina 26 extraida com 2177 caracteres. Origem: extracao_texto. Possui imagens: True.
2026-07-14 14:27:27,040 | INFO | robo_diario_oficial | Pagina 27 extraida com 506 caracteres. Origem: extracao_texto. Possui imagens: False.
2026-07-14 14:27:27,045 | INFO | robo_diario_oficial | Pagina 28 extraida com 2175 caracteres. Origem: extracao_texto. Possui imagens: True.
2026-07-14 14:27:27,045 | INFO | robo_diario_oficial | Pagina 29 extraida com 3024 caracteres. Origem: extracao_texto. Possui imagens: True.
2026-07-14 14:27:27,055 | INFO | robo_diario_oficial | Pagina 30 extraida com 4261 caracteres. Origem: extracao_texto. Possui imagens: True.
2026-07-14 14:27:27,058 | INFO | robo_diario_oficial | Pagina 31 extraida com 472 caracteres. Origem: extracao_texto. Possui imagens: True.
2026-07-14 14:27:27,060 | INFO | robo_diario_oficial | Pagina 32 extraida com 472 caracteres. Origem: extracao_texto. Possui imagens: True.
2026-07-14 14:27:27,060 | INFO | robo_diario_oficial | Extracao de texto finalizada.
2026-07-14 14:27:27,060 | INFO | robo_diario_oficial | Paginas com texto extraido: 32 de 32
2026-07-14 14:27:27,190 | INFO | robo_diario_oficial | Arquivo bruto salvo em: storage/resultados\diario_oficial_2026_07_07_01_bruto.txt
2026-07-14 14:27:27,192 | INFO | robo_diario_oficial | Documento JSON salvo em: storage/resultados\diario_oficial_2026_07_07_02_documento.json
2026-07-14 14:27:27,192 | INFO | robo_diario_oficial | Artefatos gerados - bruto: storage/resultados\diario_oficial_2026_07_07_01_bruto.txt | documento: storage/resultados\diario_oficial_2026_07_07_02_documento.json
2026-07-14 14:27:27,205 | INFO | robo_diario_oficial | Resultados encontrados para 2026-07-07: 0
2026-07-14 14:27:27,205 | INFO | robo_diario_oficial | ============================================================
2026-07-14 14:27:27,205 | INFO | robo_diario_oficial | Processando data: 2026-07-08
2026-07-14 14:27:27,205 | INFO | robo_diario_oficial | ============================================================
2026-07-14 14:27:27,205 | INFO | robo_diario_oficial | Iniciando download do Diario Oficial.
2026-07-14 14:27:27,205 | INFO | robo_diario_oficial | Arquivo destino: storage/pdfs\diario_oficial_2026_07_08.pdf
2026-07-14 14:27:27,205 | INFO | robo_diario_oficial | Arquivo ja existe. Download ignorado: storage/pdfs\diario_oficial_2026_07_08.pdf
2026-07-14 14:27:27,225 | INFO | robo_diario_oficial | Arquivo existente validado: storage/pdfs\diario_oficial_2026_07_08.pdf
2026-07-14 14:27:27,225 | INFO | robo_diario_oficial | PDF disponivel para processamento: storage/pdfs\diario_oficial_2026_07_08.pdf
2026-07-14 14:27:27,225 | INFO | robo_diario_oficial | Total de paginas identificado: 72
2026-07-14 14:27:27,237 | INFO | robo_diario_oficial | Iniciando extracao de texto do PDF.
2026-07-14 14:27:27,237 | INFO | robo_diario_oficial | Total de paginas: 72
2026-07-14 14:27:27,240 | INFO | robo_diario_oficial | Pagina 1 extraida com 4142 caracteres. Origem: extracao_texto. Possui imagens: True.
2026-07-14 14:27:27,247 | INFO | robo_diario_oficial | Pagina 2 extraida com 4321 caracteres. Origem: extracao_texto. Possui imagens: True.
2026-07-14 14:27:27,251 | INFO | robo_diario_oficial | Pagina 3 extraida com 2693 caracteres. Origem: extracao_texto. Possui imagens: True.
2026-07-14 14:27:27,255 | INFO | robo_diario_oficial | Pagina 4 extraida com 2657 caracteres. Origem: extracao_texto. Possui imagens: True.
2026-07-14 14:27:27,256 | INFO | robo_diario_oficial | Pagina 5 extraida com 2595 caracteres. Origem: extracao_texto. Possui imagens: True.
2026-07-14 14:27:27,259 | INFO | robo_diario_oficial | Pagina 6 extraida com 1719 caracteres. Origem: extracao_texto. Possui imagens: True.
2026-07-14 14:27:27,261 | INFO | robo_diario_oficial | Pagina 7 extraida com 1861 caracteres. Origem: extracao_texto. Possui imagens: True.
2026-07-14 14:27:27,263 | INFO | robo_diario_oficial | Pagina 8 extraida com 849 caracteres. Origem: extracao_texto. Possui imagens: True.
2026-07-14 14:27:27,265 | INFO | robo_diario_oficial | Pagina 9 extraida com 849 caracteres. Origem: extracao_texto. Possui imagens: True.
2026-07-14 14:27:27,266 | INFO | robo_diario_oficial | Pagina 10 extraida com 850 caracteres. Origem: extracao_texto. Possui imagens: True.
2026-07-14 14:27:27,267 | INFO | robo_diario_oficial | Pagina 11 extraida com 850 caracteres. Origem: extracao_texto. Possui imagens: True.
2026-07-14 14:27:27,268 | INFO | robo_diario_oficial | Pagina 12 extraida com 850 caracteres. Origem: extracao_texto. Possui imagens: True.
2026-07-14 14:27:27,269 | INFO | robo_diario_oficial | Pagina 13 extraida com 850 caracteres. Origem: extracao_texto. Possui imagens: True.
2026-07-14 14:27:27,271 | INFO | robo_diario_oficial | Pagina 14 extraida com 1461 caracteres. Origem: extracao_texto. Possui imagens: True.
2026-07-14 14:27:27,272 | INFO | robo_diario_oficial | Pagina 15 extraida com 4606 caracteres. Origem: extracao_texto. Possui imagens: True.
2026-07-14 14:27:27,277 | INFO | robo_diario_oficial | Pagina 16 extraida com 472 caracteres. Origem: extracao_texto. Possui imagens: True.
2026-07-14 14:27:27,281 | INFO | robo_diario_oficial | Pagina 17 extraida com 472 caracteres. Origem: extracao_texto. Possui imagens: True.
2026-07-14 14:27:27,284 | INFO | robo_diario_oficial | Pagina 18 extraida com 5861 caracteres. Origem: extracao_texto. Possui imagens: True.
2026-07-14 14:27:27,286 | INFO | robo_diario_oficial | Pagina 19 extraida com 5996 caracteres. Origem: extracao_texto. Possui imagens: False.
2026-07-14 14:27:27,289 | INFO | robo_diario_oficial | Pagina 20 extraida com 1723 caracteres. Origem: extracao_texto. Possui imagens: True.
2026-07-14 14:27:27,290 | INFO | robo_diario_oficial | Pagina 21 extraida com 2390 caracteres. Origem: extracao_texto. Possui imagens: True.
2026-07-14 14:27:27,294 | INFO | robo_diario_oficial | Pagina 22 extraida com 1664 caracteres. Origem: extracao_texto. Possui imagens: True.
2026-07-14 14:27:27,296 | INFO | robo_diario_oficial | Pagina 23 extraida com 1261 caracteres. Origem: extracao_texto. Possui imagens: True.
2026-07-14 14:27:27,297 | INFO | robo_diario_oficial | Pagina 24 extraida com 2099 caracteres. Origem: extracao_texto. Possui imagens: True.
2026-07-14 14:27:27,299 | INFO | robo_diario_oficial | Pagina 25 extraida com 4446 caracteres. Origem: extracao_texto. Possui imagens: True.
2026-07-14 14:27:27,303 | INFO | robo_diario_oficial | Pagina 26 extraida com 3506 caracteres. Origem: extracao_texto. Possui imagens: True.
2026-07-14 14:27:27,306 | INFO | robo_diario_oficial | Pagina 27 extraida com 1127 caracteres. Origem: extracao_texto. Possui imagens: True.
2026-07-14 14:27:27,310 | INFO | robo_diario_oficial | Pagina 28 extraida com 1301 caracteres. Origem: extracao_texto. Possui imagens: True.
2026-07-14 14:27:27,311 | INFO | robo_diario_oficial | Pagina 29 extraida com 584 caracteres. Origem: extracao_texto. Possui imagens: True.
2026-07-14 14:27:27,311 | INFO | robo_diario_oficial | Pagina 30 extraida com 3335 caracteres. Origem: extracao_texto. Possui imagens: False.
2026-07-14 14:27:27,315 | INFO | robo_diario_oficial | Pagina 31 extraida com 4912 caracteres. Origem: extracao_texto. Possui imagens: False.
2026-07-14 14:27:27,316 | INFO | robo_diario_oficial | Pagina 32 extraida com 5043 caracteres. Origem: extracao_texto. Possui imagens: True.
2026-07-14 14:27:27,322 | INFO | robo_diario_oficial | Pagina 33 extraida com 3245 caracteres. Origem: extracao_texto. Possui imagens: True.
2026-07-14 14:27:27,335 | INFO | robo_diario_oficial | Pagina 34 extraida com 2375 caracteres. Origem: extracao_texto. Possui imagens: True.
2026-07-14 14:27:27,339 | INFO | robo_diario_oficial | Pagina 35 extraida com 2221 caracteres. Origem: extracao_texto. Possui imagens: True.
2026-07-14 14:27:27,348 | INFO | robo_diario_oficial | Pagina 36 extraida com 2249 caracteres. Origem: extracao_texto. Possui imagens: True.
2026-07-14 14:27:27,355 | INFO | robo_diario_oficial | Pagina 37 extraida com 2059 caracteres. Origem: extracao_texto. Possui imagens: True.
2026-07-14 14:27:27,364 | INFO | robo_diario_oficial | Pagina 38 extraida com 2382 caracteres. Origem: extracao_texto. Possui imagens: True.
2026-07-14 14:27:27,368 | INFO | robo_diario_oficial | Pagina 39 extraida com 1892 caracteres. Origem: extracao_texto. Possui imagens: True.
2026-07-14 14:27:27,372 | INFO | robo_diario_oficial | Pagina 40 extraida com 1903 caracteres. Origem: extracao_texto. Possui imagens: True.
2026-07-14 14:27:27,377 | INFO | robo_diario_oficial | Pagina 41 extraida com 1903 caracteres. Origem: extracao_texto. Possui imagens: True.
2026-07-14 14:27:27,378 | INFO | robo_diario_oficial | Pagina 42 extraida com 1903 caracteres. Origem: extracao_texto. Possui imagens: True.
2026-07-14 14:27:27,384 | INFO | robo_diario_oficial | Pagina 43 extraida com 1897 caracteres. Origem: extracao_texto. Possui imagens: True.
2026-07-14 14:27:27,387 | INFO | robo_diario_oficial | Pagina 44 extraida com 1897 caracteres. Origem: extracao_texto. Possui imagens: True.
2026-07-14 14:27:27,389 | INFO | robo_diario_oficial | Pagina 45 extraida com 1898 caracteres. Origem: extracao_texto. Possui imagens: True.
2026-07-14 14:27:27,395 | INFO | robo_diario_oficial | Pagina 46 extraida com 1898 caracteres. Origem: extracao_texto. Possui imagens: True.
2026-07-14 14:27:27,398 | INFO | robo_diario_oficial | Pagina 47 extraida com 1893 caracteres. Origem: extracao_texto. Possui imagens: True.
2026-07-14 14:27:27,403 | INFO | robo_diario_oficial | Pagina 48 extraida com 1893 caracteres. Origem: extracao_texto. Possui imagens: True.
2026-07-14 14:27:27,407 | INFO | robo_diario_oficial | Pagina 49 extraida com 1896 caracteres. Origem: extracao_texto. Possui imagens: True.
2026-07-14 14:27:27,410 | INFO | robo_diario_oficial | Pagina 50 extraida com 2431 caracteres. Origem: extracao_texto. Possui imagens: True.
2026-07-14 14:27:27,414 | INFO | robo_diario_oficial | Pagina 51 extraida com 714 caracteres. Origem: extracao_texto. Possui imagens: True.
2026-07-14 14:27:27,418 | INFO | robo_diario_oficial | Pagina 52 extraida com 1955 caracteres. Origem: extracao_texto. Possui imagens: True.
2026-07-14 14:27:27,422 | INFO | robo_diario_oficial | Pagina 53 extraida com 2364 caracteres. Origem: extracao_texto. Possui imagens: True.
2026-07-14 14:27:27,426 | INFO | robo_diario_oficial | Pagina 54 extraida com 2011 caracteres. Origem: extracao_texto. Possui imagens: True.
2026-07-14 14:27:27,428 | INFO | robo_diario_oficial | Pagina 55 extraida com 1890 caracteres. Origem: extracao_texto. Possui imagens: True.
2026-07-14 14:27:27,433 | INFO | robo_diario_oficial | Pagina 56 extraida com 2381 caracteres. Origem: extracao_texto. Possui imagens: True.
2026-07-14 14:27:27,437 | INFO | robo_diario_oficial | Pagina 57 extraida com 1923 caracteres. Origem: extracao_texto. Possui imagens: True.
2026-07-14 14:27:27,438 | INFO | robo_diario_oficial | Pagina 58 extraida com 1879 caracteres. Origem: extracao_texto. Possui imagens: True.
2026-07-14 14:27:27,445 | INFO | robo_diario_oficial | Pagina 59 extraida com 2114 caracteres. Origem: extracao_texto. Possui imagens: True.
2026-07-14 14:27:27,449 | INFO | robo_diario_oficial | Pagina 60 extraida com 2872 caracteres. Origem: extracao_texto. Possui imagens: True.
2026-07-14 14:27:27,453 | INFO | robo_diario_oficial | Pagina 61 extraida com 2666 caracteres. Origem: extracao_texto. Possui imagens: True.
2026-07-14 14:27:27,458 | INFO | robo_diario_oficial | Pagina 62 extraida com 2458 caracteres. Origem: extracao_texto. Possui imagens: True.
2026-07-14 14:27:27,461 | INFO | robo_diario_oficial | Pagina 63 extraida com 2124 caracteres. Origem: extracao_texto. Possui imagens: True.
2026-07-14 14:27:27,468 | INFO | robo_diario_oficial | Pagina 64 extraida com 4765 caracteres. Origem: extracao_texto. Possui imagens: False.
2026-07-14 14:27:27,470 | INFO | robo_diario_oficial | Pagina 65 extraida com 1019 caracteres. Origem: extracao_texto. Possui imagens: False.
2026-07-14 14:27:27,472 | INFO | robo_diario_oficial | Pagina 66 extraida com 1275 caracteres. Origem: extracao_texto. Possui imagens: False.
2026-07-14 14:27:27,476 | INFO | robo_diario_oficial | Pagina 67 extraida com 1173 caracteres. Origem: extracao_texto. Possui imagens: False.
2026-07-14 14:27:27,480 | INFO | robo_diario_oficial | Pagina 68 extraida com 2126 caracteres. Origem: extracao_texto. Possui imagens: True.
2026-07-14 14:27:27,480 | INFO | robo_diario_oficial | Pagina 69 extraida com 5658 caracteres. Origem: extracao_texto. Possui imagens: True.
2026-07-14 14:27:27,490 | INFO | robo_diario_oficial | Pagina 70 extraida com 1685 caracteres. Origem: extracao_texto. Possui imagens: True.
2026-07-14 14:27:27,496 | INFO | robo_diario_oficial | Pagina 71 extraida com 3247 caracteres. Origem: extracao_texto. Possui imagens: True.
2026-07-14 14:27:27,505 | INFO | robo_diario_oficial | Pagina 72 extraida com 1019 caracteres. Origem: extracao_texto. Possui imagens: True.
2026-07-14 14:27:27,514 | INFO | robo_diario_oficial | Extracao de texto finalizada.
2026-07-14 14:27:27,514 | INFO | robo_diario_oficial | Paginas com texto extraido: 72 de 72
2026-07-14 14:27:27,552 | INFO | robo_diario_oficial | Arquivo bruto salvo em: storage/resultados\diario_oficial_2026_07_08_01_bruto.txt
2026-07-14 14:27:27,552 | INFO | robo_diario_oficial | Documento JSON salvo em: storage/resultados\diario_oficial_2026_07_08_02_documento.json
2026-07-14 14:27:27,552 | INFO | robo_diario_oficial | Artefatos gerados - bruto: storage/resultados\diario_oficial_2026_07_08_01_bruto.txt | documento: storage/resultados\diario_oficial_2026_07_08_02_documento.json
2026-07-14 14:27:27,574 | INFO | robo_diario_oficial | Resultados encontrados para 2026-07-08: 1
2026-07-14 14:27:27,574 | INFO | robo_diario_oficial | ============================================================
2026-07-14 14:27:27,574 | INFO | robo_diario_oficial | Processando data: 2026-07-09
2026-07-14 14:27:27,574 | INFO | robo_diario_oficial | ============================================================
2026-07-14 14:27:27,574 | INFO | robo_diario_oficial | Iniciando download do Diario Oficial.
2026-07-14 14:27:27,574 | INFO | robo_diario_oficial | Arquivo destino: storage/pdfs\diario_oficial_2026_07_09.pdf
2026-07-14 14:27:27,574 | INFO | robo_diario_oficial | Consultando pagina oficial do mes: https://diariooficial.piracicaba.sp.gov.br/2026/07/
2026-07-14 14:27:28,326 | INFO | robo_diario_oficial | Status HTTP da pagina oficial: 200 | Content-Type: text/html; charset=UTF-8
2026-07-14 14:27:28,326 | INFO | robo_diario_oficial | Diario Oficial nao publicado para 2026-07-09 na pagina oficial.
2026-07-14 14:27:28,332 | INFO | robo_diario_oficial | Nenhum PDF disponivel para 2026-07-09. Pulando.
2026-07-14 14:27:28,332 | INFO | robo_diario_oficial | ============================================================
2026-07-14 14:27:28,334 | INFO | robo_diario_oficial | Processando data: 2026-07-10
2026-07-14 14:27:28,334 | INFO | robo_diario_oficial | ============================================================
2026-07-14 14:27:28,334 | INFO | robo_diario_oficial | Iniciando download do Diario Oficial.
2026-07-14 14:27:28,337 | INFO | robo_diario_oficial | Arquivo destino: storage/pdfs\diario_oficial_2026_07_10.pdf
2026-07-14 14:27:28,338 | INFO | robo_diario_oficial | Consultando pagina oficial do mes: https://diariooficial.piracicaba.sp.gov.br/2026/07/
2026-07-14 14:27:29,101 | INFO | robo_diario_oficial | Status HTTP da pagina oficial: 200 | Content-Type: text/html; charset=UTF-8
2026-07-14 14:27:29,103 | INFO | robo_diario_oficial | Diario Oficial nao publicado para 2026-07-10 na pagina oficial.
2026-07-14 14:27:29,105 | INFO | robo_diario_oficial | Nenhum PDF disponivel para 2026-07-10. Pulando.
2026-07-14 14:27:29,107 | INFO | robo_diario_oficial | ============================================================
2026-07-14 14:27:29,111 | INFO | robo_diario_oficial | Processando data: 2026-07-11
2026-07-14 14:27:29,111 | INFO | robo_diario_oficial | ============================================================
2026-07-14 14:27:29,112 | INFO | robo_diario_oficial | Iniciando download do Diario Oficial.
2026-07-14 14:27:29,112 | INFO | robo_diario_oficial | Arquivo destino: storage/pdfs\diario_oficial_2026_07_11.pdf
2026-07-14 14:27:29,112 | INFO | robo_diario_oficial | Consultando pagina oficial do mes: https://diariooficial.piracicaba.sp.gov.br/2026/07/
2026-07-14 14:27:30,231 | INFO | robo_diario_oficial | Status HTTP da pagina oficial: 200 | Content-Type: text/html; charset=UTF-8
2026-07-14 14:27:30,231 | INFO | robo_diario_oficial | Diario Oficial nao publicado para 2026-07-11 na pagina oficial.
2026-07-14 14:27:30,236 | INFO | robo_diario_oficial | Nenhum PDF disponivel para 2026-07-11. Pulando.
2026-07-14 14:27:30,236 | INFO | robo_diario_oficial | ============================================================
2026-07-14 14:27:30,236 | INFO | robo_diario_oficial | Processando data: 2026-07-12
2026-07-14 14:27:30,236 | INFO | robo_diario_oficial | ============================================================
2026-07-14 14:27:30,236 | INFO | robo_diario_oficial | Iniciando download do Diario Oficial.
2026-07-14 14:27:30,240 | INFO | robo_diario_oficial | Arquivo destino: storage/pdfs\diario_oficial_2026_07_12.pdf
2026-07-14 14:27:30,240 | INFO | robo_diario_oficial | Consultando pagina oficial do mes: https://diariooficial.piracicaba.sp.gov.br/2026/07/
2026-07-14 14:27:31,614 | INFO | robo_diario_oficial | Status HTTP da pagina oficial: 200 | Content-Type: text/html; charset=UTF-8
2026-07-14 14:27:31,614 | INFO | robo_diario_oficial | Diario Oficial nao publicado para 2026-07-12 na pagina oficial.
2026-07-14 14:27:31,621 | INFO | robo_diario_oficial | Nenhum PDF disponivel para 2026-07-12. Pulando.
2026-07-14 14:27:31,621 | INFO | robo_diario_oficial | ============================================================
2026-07-14 14:27:31,621 | INFO | robo_diario_oficial | Processando data: 2026-07-13
2026-07-14 14:27:31,621 | INFO | robo_diario_oficial | ============================================================
2026-07-14 14:27:31,625 | INFO | robo_diario_oficial | Iniciando download do Diario Oficial.
2026-07-14 14:27:31,625 | INFO | robo_diario_oficial | Arquivo destino: storage/pdfs\diario_oficial_2026_07_13.pdf
2026-07-14 14:27:31,625 | INFO | robo_diario_oficial | Arquivo ja existe. Download ignorado: storage/pdfs\diario_oficial_2026_07_13.pdf
2026-07-14 14:27:31,627 | INFO | robo_diario_oficial | Arquivo existente validado: storage/pdfs\diario_oficial_2026_07_13.pdf
2026-07-14 14:27:31,628 | INFO | robo_diario_oficial | PDF disponivel para processamento: storage/pdfs\diario_oficial_2026_07_13.pdf
2026-07-14 14:27:31,635 | INFO | robo_diario_oficial | Total de paginas identificado: 23
2026-07-14 14:27:31,639 | INFO | robo_diario_oficial | Iniciando extracao de texto do PDF.
2026-07-14 14:27:31,640 | INFO | robo_diario_oficial | Total de paginas: 23
2026-07-14 14:27:31,646 | INFO | robo_diario_oficial | Pagina 1 extraida com 7100 caracteres. Origem: extracao_texto. Possui imagens: True.
2026-07-14 14:27:31,649 | INFO | robo_diario_oficial | Pagina 2 extraida com 1506 caracteres. Origem: extracao_texto. Possui imagens: True.
2026-07-14 14:27:31,652 | INFO | robo_diario_oficial | Pagina 3 extraida com 6928 caracteres. Origem: extracao_texto. Possui imagens: False.
2026-07-14 14:27:31,654 | INFO | robo_diario_oficial | Pagina 4 extraida com 353 caracteres. Origem: extracao_texto. Possui imagens: True.
2026-07-14 14:27:31,661 | INFO | robo_diario_oficial | Pagina 5 extraida com 5204 caracteres. Origem: extracao_texto. Possui imagens: True.
2026-07-14 14:27:31,662 | INFO | robo_diario_oficial | Pagina 6 extraida com 3036 caracteres. Origem: extracao_texto. Possui imagens: True.
2026-07-14 14:27:31,668 | INFO | robo_diario_oficial | Pagina 7 extraida com 3242 caracteres. Origem: extracao_texto. Possui imagens: True.
2026-07-14 14:27:31,671 | INFO | robo_diario_oficial | Pagina 8 extraida com 1231 caracteres. Origem: extracao_texto. Possui imagens: True.
2026-07-14 14:27:31,673 | INFO | robo_diario_oficial | Pagina 9 extraida com 2655 caracteres. Origem: extracao_texto. Possui imagens: False.
2026-07-14 14:27:31,673 | INFO | robo_diario_oficial | Pagina 10 extraida com 572 caracteres. Origem: extracao_texto. Possui imagens: False.
2026-07-14 14:27:31,677 | INFO | robo_diario_oficial | Pagina 11 extraida com 2318 caracteres. Origem: extracao_texto. Possui imagens: False.
2026-07-14 14:27:31,679 | INFO | robo_diario_oficial | Pagina 12 extraida com 2234 caracteres. Origem: extracao_texto. Possui imagens: False.
2026-07-14 14:27:31,680 | INFO | robo_diario_oficial | Pagina 13 extraida com 1303 caracteres. Origem: extracao_texto. Possui imagens: False.
2026-07-14 14:27:31,681 | INFO | robo_diario_oficial | Pagina 14 extraida com 1862 caracteres. Origem: extracao_texto. Possui imagens: True.
2026-07-14 14:27:31,689 | INFO | robo_diario_oficial | Pagina 15 extraida com 6123 caracteres. Origem: extracao_texto. Possui imagens: False.
2026-07-14 14:27:31,693 | INFO | robo_diario_oficial | Pagina 16 extraida com 4748 caracteres. Origem: extracao_texto. Possui imagens: False.
2026-07-14 14:27:31,696 | INFO | robo_diario_oficial | Pagina 17 extraida com 604 caracteres. Origem: extracao_texto. Possui imagens: False.
2026-07-14 14:27:31,700 | INFO | robo_diario_oficial | Pagina 18 extraida com 9383 caracteres. Origem: extracao_texto. Possui imagens: False.
2026-07-14 14:27:31,701 | INFO | robo_diario_oficial | Pagina 19 extraida com 9340 caracteres. Origem: extracao_texto. Possui imagens: False.
2026-07-14 14:27:31,751 | INFO | robo_diario_oficial | Pagina 20 extraida com 3732 caracteres. Origem: extracao_texto. Possui imagens: True.
2026-07-14 14:27:31,751 | INFO | robo_diario_oficial | Pagina 21 extraida com 8158 caracteres. Origem: extracao_texto. Possui imagens: False.
2026-07-14 14:27:31,766 | INFO | robo_diario_oficial | Pagina 22 extraida com 7547 caracteres. Origem: extracao_texto. Possui imagens: False.
2026-07-14 14:27:31,767 | INFO | robo_diario_oficial | Pagina 23 extraida com 3598 caracteres. Origem: extracao_texto. Possui imagens: False.
2026-07-14 14:27:31,771 | INFO | robo_diario_oficial | Extracao de texto finalizada.
2026-07-14 14:27:31,772 | INFO | robo_diario_oficial | Paginas com texto extraido: 23 de 23
2026-07-14 14:27:31,826 | INFO | robo_diario_oficial | Arquivo bruto salvo em: storage/resultados\diario_oficial_2026_07_13_01_bruto.txt
2026-07-14 14:27:31,826 | INFO | robo_diario_oficial | Documento JSON salvo em: storage/resultados\diario_oficial_2026_07_13_02_documento.json
2026-07-14 14:27:31,826 | INFO | robo_diario_oficial | Artefatos gerados - bruto: storage/resultados\diario_oficial_2026_07_13_01_bruto.txt | documento: storage/resultados\diario_oficial_2026_07_13_02_documento.json
2026-07-14 14:27:31,838 | INFO | robo_diario_oficial | Resultados encontrados para 2026-07-13: 0
2026-07-14 14:27:31,838 | INFO | robo_diario_oficial | ============================================================
2026-07-14 14:27:31,838 | INFO | robo_diario_oficial | Processando data: 2026-07-14
2026-07-14 14:27:31,838 | INFO | robo_diario_oficial | ============================================================
2026-07-14 14:27:31,838 | INFO | robo_diario_oficial | Iniciando download do Diario Oficial.
2026-07-14 14:27:31,838 | INFO | robo_diario_oficial | Arquivo destino: storage/pdfs\diario_oficial_2026_07_14.pdf
2026-07-14 14:27:31,838 | INFO | robo_diario_oficial | Consultando pagina oficial do mes: https://diariooficial.piracicaba.sp.gov.br/2026/07/
2026-07-14 14:27:32,610 | INFO | robo_diario_oficial | Status HTTP da pagina oficial: 200 | Content-Type: text/html; charset=UTF-8
2026-07-14 14:27:32,610 | INFO | robo_diario_oficial | Diario Oficial nao publicado para 2026-07-14 na pagina oficial.
2026-07-14 14:27:32,610 | INFO | robo_diario_oficial | Nenhum PDF disponivel para 2026-07-14. Pulando.
2026-07-14 14:27:32,610 | INFO | robo_diario_oficial | Processamento concluido. Datas processadas: 7 | Erros: 0
2026-07-14 14:27:32,615 | INFO | robo_diario_oficial | Resultado da pesquisa salvo em: storage/resultados\resultado_pesquisa_20260714.json
2026-07-14 14:27:35,786 | INFO | robo_diario_oficial | E-mail de alerta enviado para: ['josemar.mariano@fealq.com.br']
2026-07-14 14:27:35,786 | INFO | robo_diario_oficial | Resumo dos artefatos: {'datas_processadas': 7, 'datas_com_erro': 0, 'total_resultados_pesquisa': 7, 'pesquisa': 'storage/resultados\\resultado_pesquisa_20260714.json', 'email_enviado': True}
2026-07-14 14:27:35,788 | INFO | robo_diario_oficial | Robo Diario Oficial finalizado com sucesso.
